key,input,RA_score
AMFGWXWBFGVCKG-UHFFFAOYSA-N,C=C(C)C(=O)OCC(O)COc1ccc(C(C)(C)c2ccc(OCC(O)COC(=O)C(=C)C)cc2)cc1,0.8572452
NHNNUFKPFVKFBH-UHFFFAOYSA-N,Cc1c2cc(CO)ccc2nc2c1ccc1ccccc12,0.98690736
UICBCXONCUFSOI-UHFFFAOYSA-N,CC(=O)NNc1ccccc1,0.8307674
IUNMPGNGSSIWFP-UHFFFAOYSA-N,CN(C)CCCN,0.98937935
XTTIQGSLJBWVIV-UHFFFAOYSA-N,Cc1cc([N+](=O)[O-])ccc1N,0.9882416
WOUSUJOADIBWHF-UHFFFAOYSA-N,Cn1c(N)nc2c3nc(-c4ccccc4)c(-c4ccccc4)nc3ccc21,0.91613317
JTEDVYBZBROSJT-UHFFFAOYSA-N,O=C(O)CCCc1c[nH]c2ccccc12,0.993836
HWMXXSVWKYRIKG-UHFFFAOYSA-N,CCC(=O)N(O)c1ccc(-c2ccccc2)cc1,0.94083744
OFYLBLSSPQTTHT-VMPITWQZSA-N,O/N=C/c1ccncc1,0.9961824
QZYHIOPPLUPUJF-UHFFFAOYSA-N,Cc1cccc([N+](=O)[O-])c1,0.99226224
DEIGXXQKDWULML-PQTSNVLCSA-N,Br[C@H]1CC[C@@H](Br)[C@H](Br)CC[C@H](Br)[C@H](Br)CC[C@H]1Br,0.7256731
ARZWATDYIYAUTA-UHFFFAOYSA-N,Cn1c(N)nc2c3cccnc3ccc21,0.9802768
JSNXRAUQMWIZHM-UHFFFAOYSA-N,O=C(c1ccccc1)C1OC1c1ccc(F)cc1,0.9378004
NZLBHDRPUJLHCE-UHFFFAOYSA-N,CCN(CC)CCCN(c1ccccc1)C1Cc2ccccc2C1,0.9826918
VCTBSHQJICJJFV-UHFFFAOYSA-N,[N-]=[N+]=Nc1ccc(F)c([N+](=O)[O-])c1,0.92527616
GCGGSVAWTYHZBI-UHFFFAOYSA-N,O=C1c2ccccc2C(=O)c2c1ccc(OC1OC(COC3OCC(O)C(O)C3O)C(O)C(O)C1O)c2O,0.7997938
MFLWLDDOGSNSKO-UHFFFAOYSA-N,C=CCOC(=O)CCCCCCCC,0.9863154
ZILXIZUBLXVYPI-UHFFFAOYSA-N,O=Cc1ccc([N+](=O)[O-])cc1[N+](=O)[O-],0.993828
SCYULBFZEHDVBN-UHFFFAOYSA-N,CC(Cl)Cl,0.9764483
JZUFKLXOESDKRF-UHFFFAOYSA-N,NS(=O)(=O)c1cc2c(cc1Cl)NCNS2(=O)=O,0.9448709
VVNXYHLLPYZCQY-UHFFFAOYSA-N,CC(Cc1ccccc1)NOS(=O)(=O)ONC(C)Cc1ccccc1,0.9857987
YTGJWQPHMWSCST-UHFFFAOYSA-N,CC(S)C(=O)NCC(=O)O,0.9867605
NXYYRSJPSPRDEO-UHFFFAOYSA-N,CCN(CC)c1ccc(N=O)c(O)c1,0.9944969
SXINBFXPADXIEY-UHFFFAOYSA-N,O=Cc1ccc([N+](=O)[O-])o1,0.9682442
RUYUCCQRWINUHE-UHFFFAOYSA-N,ClC(Cl)=C(Cl)c1c(Cl)c(Cl)c(Cl)c(Cl)c1Cl,0.9411391
PIAGFISXZFTFAL-UHFFFAOYSA-N,Cc1ccc2ccc3c4ccccc4cc4ccc1c2c43,0.89992774
MEXUFEQDCXZEON-UHFFFAOYSA-N,FC(F)(Cl)Br,0.9518385
KGRVJHAUYBGFFP-UHFFFAOYSA-N,Cc1cc(Cc2cc(C)cc(C(C)(C)C)c2O)c(O)c(C(C)(C)C)c1,0.89961284
JJNZXLAFIPKXIG-UHFFFAOYSA-N,N#CC(C#N)=Cc1ccccc1Cl,0.987118
WEYIMDWLELIRAJ-UHFFFAOYSA-N,CCC(O)C=CC=CC=CC=CC=O,0.7587912
BJEPYKJPYRNKOW-UHFFFAOYSA-N,O=C(O)CC(O)C(=O)O,0.95703727
IVSZLXZYQVIEFR-UHFFFAOYSA-N,Cc1cccc(C)c1,0.98411083
GMLDCZYTIPCVMO-UHFFFAOYSA-N,C=C(C=O)CC,0.96245253
DEQZTKGFXNUBJL-UHFFFAOYSA-N,c1ccc2sc(SNC3CCCCC3)nc2c1,0.9333305
ISRUGXGCCGIOQO-UHFFFAOYSA-N,CNC(=O)Oc1ccccc1OC(C)C,0.9967039
IOGXOCVLYRDXLW-UHFFFAOYSA-N,CC(C)(C)ON=O,0.9220186
OQCYRKLITMANPY-UHFFFAOYSA-N,CC(C)(C)NC(=O)SCC(NC(=O)CCC(N)C(=O)O)C(=O)NCC(=O)O,0.17761211
RLLXVMVWNZJRGT-UHFFFAOYSA-N,Cc1c2c(c(C)c3ccccc13)-c1cccc3cccc-2c13,0.80788255
FGEAOSXMQZWHIQ-UHFFFAOYSA-N,O=C(Cl)C(Cl)c1ccccc1,0.9919864
VCTBSHQJICJJFV-UHFFFAOYSA-N,[N-]=[N+]=Nc1ccc(F)c([N+](=O)[O-])c1,0.92527616
DGRVQOKCSKDWIH-UHFFFAOYSA-N,FC(F)(F)c1ccccc1Cl,0.99400926
WMVSVUVZSYRWIY-UHFFFAOYSA-N,O=C(ON=C1C=CC(=NOC(=O)c2ccccc2)C=C1)c1ccccc1,0.24587065
OQQYJPVCDFFEIV-UHFFFAOYSA-N,Cc1cc(C)c(N=Nc2c(O)c(S(=O)(=O)O)cc3cc(S(=O)(=O)O)ccc23)cc1C,0.9800309
MGJQPVORMKNYPN-UHFFFAOYSA-N,CC1=Cc2nc3c(ccc4ccccc43)c(C)c2C(O)C1O,0.38243577
JYWIYHUXVMAGLG-UHFFFAOYSA-N,O=C(Nc1cc(Cl)cc(Cl)c1O)c1c(O)c(Cl)cc(Cl)c1Cl,0.9818948
SLTNUKIKMOOUID-UHFFFAOYSA-N,CN(N=O)C(=O)c1ccccc1,0.97049224
ASCIWXOCZAWSON-UHFFFAOYSA-N,O=C1CC2NCCCNCCCCN(CCCN1)C(=O)C1c3cc2ccc3OC1c1ccc(O)cc1,0.1458445
SCSKXSBERKMMJG-UHFFFAOYSA-N,CCN=NO,0.9741649
KKVLCJIOPNYOQN-UHFFFAOYSA-N,Nc1ccc(Cc2ccc(N)c(Cc3ccc(N)cc3)c2)cc1,0.9876346
KWTSXDURSIMDCE-UHFFFAOYSA-N,CC(N)Cc1ccccc1,0.991886
KULLJOPUZUWTMF-UHFFFAOYSA-N,Clc1c2ccccc2cc2ccccc12,0.98271745
IMSSROKUHAOUJS-UHFFFAOYSA-N,C#CC1(O)CCC2C3CCc4cc(OC)ccc4C3CCC21C,0.57627845
AATNZNJRDOVKDD-UHFFFAOYSA-N,CCOP(=O)(CC)OCC,0.9913693
PVNIIMVLHYAWGP-UHFFFAOYSA-N,O=C(O)c1cccnc1,0.9935201
SKZKKFZAGNVIMN-UHFFFAOYSA-N,NC(=O)c1ccccc1O,0.99563473
QYYCPWLLBSSFBW-UHFFFAOYSA-N,c1ccc2c(OCC3CO3)cccc2c1,0.994429
IAENMCZHYXTLTE-UHFFFAOYSA-N,CCOC(=O)C(=NNc1ccc(-c2ccc(NN=C(C(=O)OCC)C(=O)OCC)c(Cl)c2)cc1Cl)C(=O)OCC,0.8854278
WEQODPBVLBGVHC-UHFFFAOYSA-N,CN(C=O)N=O,0.96094316
YSPJDMQUTGFRFK-UHFFFAOYSA-N,O=C(O)C(F)(F)C(F)(Cl)C(F)(F)C(F)(Cl)C(F)(F)C(F)(Cl)C(F)(F)Cl,0.88898677
RZXMPPFPUUCRFN-UHFFFAOYSA-N,Cc1ccc(N)cc1,0.99076873
YXVFYQXJAXKLAK-UHFFFAOYSA-N,Oc1ccc(-c2ccccc2)cc1,0.99074745
IOJUPLGTWVMSFF-UHFFFAOYSA-N,c1ccc2scnc2c1,0.98856735
HJXDCFUIDHJETK-UHFFFAOYSA-N,CC(O)CN1CC(C)OC1=O,0.92447084
JXHLSZPLSSDYCF-UHFFFAOYSA-N,Cc1cc(O)c2c(c1O)C(=O)c1ccccc1C2=O,0.95567167
PNLPDUJTKWJOBJ-UHFFFAOYSA-N,CC(C)(C)OC(=O)NN=Cc1c[n+]([O-])c2ccccc2[n+]1[O-],0.98287314
RDLOKKQTHFQLMA-UHFFFAOYSA-N,c1ccc(-c2ccc(CC3CO3)cc2)cc1,0.94707096
QOYKSMDIPJTTAP-UITAMQMPSA-N,COC(=O)C1O/C(=N\O)C(Cl)=C1Cl,0.81858605
XZSISKRWSRRUHV-UHFFFAOYSA-N,Cn1c(N)nc2c3cnccc3ccc21,0.98590404
FTOVXSOBNPWTSH-UHFFFAOYSA-N,c1ccc2c(c1)-c1cccc3c1c-2cc1ccccc13,0.9702626
VMUVKMYWLOSNOS-UHFFFAOYSA-N,Cn1c(N)nc2cc3ccccc3cc21,0.98654515
LDXAIDDOZJVFQO-UYAOXDASSA-N,CCCCCn1cc2c3c(cccc31)[C@H]1C=C(C)CN(C)[C@@H]1C2,0.24330173
HJRJRUMKQCMYDL-UHFFFAOYSA-N,O=[N+]([O-])c1cc([N+](=O)[O-])c(Cl)c([N+](=O)[O-])c1,0.9793555
BMKDZUISNHGIBY-UHFFFAOYSA-N,CC(CN1CC(=O)NC(=O)C1)N1CC(=O)NC(=O)C1,0.51067686
BAJQRLZAPXASRD-UHFFFAOYSA-N,O=[N+]([O-])c1ccc(-c2ccccc2)cc1,0.9882718
VHNQIURBCCNWDN-UHFFFAOYSA-N,Nc1cccc(N)n1,0.9900851
JSBXCTZQDYMKJQ-UHFFFAOYSA-N,[N-]=[N+]=CC(=O)NCC(N)=O,0.9302776
BDIAUFOIMFAIPU-UHFFFAOYSA-N,CC(=O)OCC1=COC(OC(=O)CC(C)C)C2C1=CC(OC(=O)CC(C)C)C21CO1,0.014794127
NJNOPWFKMLFGPF-XDOYNYLZSA-N,O=C(/N=c1\sn(C(=O)c2cccc([N+](=O)[O-])c2)c2ccc([N+](=O)[O-])cc12)c1cccc([N+](=O)[O-])c1,0.6406748
NMUSYJAQQFHJEW-UHFFFAOYSA-N,Nc1ncn(C2OC(CO)C(O)C2O)c(=O)n1,0.42015636
WGOXABJBDOYQFK-UHFFFAOYSA-N,Nc1ccc(N)c2c(O)c3ccccc3c(O)c12,0.45686978
GJSGGHOYGKMUPT-UHFFFAOYSA-N,c1ccc2c(c1)Oc1ccccc1S2,0.95394707
ALMHSXDYCFOZQD-UHFFFAOYSA-N,CC(=O)Nc1cccc(C)c1,0.9978593
KGHMWBNEMFNJFZ-UHFFFAOYSA-N,c1ccc2c(c1)cc1c3ccccc3c3cccc4ccc2c1c43,0.84949374
ZSISUTCDDLFJLH-UHFFFAOYSA-N,Cc1cnc2cc3nc(N)n(C)c3c(C)c2n1,0.9690039
ITADZXPHLPWOKM-UHFFFAOYSA-N,CC(=O)Nc1ccc(Sc2ccccc2)cc1,0.9946078
GTBGXKPAKVYEKJ-UHFFFAOYSA-N,C=C(C)C(=O)OCCCCCCCCCC,0.9917174
BUOBVVLPFARPKC-UHFFFAOYSA-N,COc1ccccc1NCSC,0.9928033
WUKHOVCMWXMOOA-UHFFFAOYSA-N,O=C(O)Cc1cccc([N+](=O)[O-])c1,0.9958839
XMGQYMWWDOXHJM-SNVBAGLBSA-N,C=C(C)[C@@H]1CC=C(C)CC1,0.923982
ARCZSDSOONGBRX-UHFFFAOYSA-N,CN[N+](=O)[O-],0.89529914
CNYYGYFEOIWWIH-HZHRSRAPSA-N,O=c1cc(-c2ccccc2)cc(-c2ccccc2)n1/N=C/c1ccc([N+](=O)[O-])o1,0.9905847
UBYQOQMCSPXBEG-UHFFFAOYSA-N,O=[N+]([O-])c1cccc2c1-c1ccc3ccc4cccc5cc-2c1c3c45,0.9360826
SVHOVVJFOWGYJO-UHFFFAOYSA-N,Oc1c(Br)c(Br)c(Br)c(Br)c1Br,0.99203146
LMNZTLDVJIUSHT-UHFFFAOYSA-N,COP(=S)(OC)SCN1C(=O)c2ccccc2C1=O,0.94107604
DTAKJBSJVRKEMD-UHFFFAOYSA-N,COc1cc(NS(C)(=O)=O)ccc1Nc1c2ccc(N=[N+]=[N-])cc2nc2c(C)cccc12,0.84193933
DOWJXOHBNXRUOD-UHFFFAOYSA-N,Cc1cccc2c1ccc1ccccc12,0.99416804
XVEXEHQNOGGQQU-WLGLDCGKSA-N,CC[C@@]12O[C@]1(C(=O)OC)C(=O)O[C@H]2C,0.31458968
INFBWWNCWSACFC-UHFFFAOYSA-N,[N-]=[N+]=NCC(O)Cn1ncc2c(N)ncnc21,0.79404604
QYIMZXITLDTULQ-UHFFFAOYSA-N,Cc1cc(N)ccc1-c1ccc(N)cc1C,0.9921152
RUSAWEHOGCWOPG-UHFFFAOYSA-N,N#Cc1cccc([N+](=O)[O-])c1,0.9914097
QBDSZLJBMIMQRS-UHFFFAOYSA-N,CC(C)(c1ccccc1)c1ccc(O)cc1,0.98567593
SODPIMGUZLOIPE-UHFFFAOYSA-N,O=C(O)COc1ccc(Cl)cc1,0.996516
SNCJAJRILVFXAE-UHFFFAOYSA-N,Nc1ccc2c(c1)Cc1cc(N)ccc1-2,0.98833895
XWHHYOYVRVGJJY-UHFFFAOYSA-N,NC(Cc1ccc(F)cc1)C(=O)O,0.9864117
JSFUMBWFPQSADC-UHFFFAOYSA-N,Nc1ccc(N)c2c1C(=O)c1c(N)ccc(N)c1C2=O,0.7272564
WHPVYXDFIXRKLN-UHFFFAOYSA-N,Brc1ccc(Oc2cc(Br)c(Br)cc2Br)c(Br)c1,0.9905872
RYHBNJHYFVUHQT-UHFFFAOYSA-N,C1COCCO1,0.9707333
PLMADUFDYDHKTB-UHFFFAOYSA-N,CC(C)(Br)C(=O)Nc1ccccc1,0.99115527
QGBSISYHAICWAH-UHFFFAOYSA-N,N#CNC(=N)N,0.9292192
LUYWSOJMHNKPHM-FVINQWEUSA-N,COC(=O)c1cccc2oc3c4c(cc(OC)c3c(=O)c12)O[C@@H]1OC=C[C@@H]41,0.036831465
FBPDJGVOQMCZIP-UHFFFAOYSA-N,COc1ccn(CC(O)CN=[N+]=[N-])c(=O)n1,0.8545759
NFGNZNFBQAGBJA-UHFFFAOYSA-N,CCC(C)ON=O,0.9286448
SVIPDPNCURSLKO-UHFFFAOYSA-N,CNc1ccc(Nc2c3ccccc3nc3ccccc23)cc1,0.98189074
LFCWFVPSUMBNQM-LLVKDONJSA-N,C[C@@H](O)c1ccc2ccc3cccc4ccc1c2c34,0.9690053
KDZCMNKCNXVTIK-UHFFFAOYSA-N,NC(N)=S(=O)=O,0.9601499
WCZNKVPCIFMXEQ-UHFFFAOYSA-N,Cc1c(C)c(N)c(C)c(C)c1N,0.9700739
TUAGXPFZJDEELX-UHFFFAOYSA-N,Cc1cc([N+](=O)[O-])c(C)c2c1[nH]c1ccc(O)cc12,0.98446226
ZENFNZDSRBFJSD-UHFFFAOYSA-N,CCCCC(=O)Nc1snc2ccc(Cl)cc12,0.99580127
AJABDGUPMVJPGF-UHFFFAOYSA-N,Cc1ccc(NO)cc1[N+](=O)[O-],0.9746255
VLGATXOTCNBWIT-UHFFFAOYSA-N,COC(=O)c1c2c(c3ccccc3c1O)OC(C)(C)C=C2,0.93886787
NSEJACQEDMUEIJ-UHFFFAOYSA-N,ClCc1cc2c3ccccc3cc3ccc4cccc1c4c32,0.74713624
KFSLWBXXFJQRDL-UHFFFAOYSA-N,CC(=O)OO,0.99378717
QGQILXBVXCHHOM-UHFFFAOYSA-N,O=C(c1ccccc1)C1OC1c1ccc([N+](=O)[O-])cc1,0.93341374
NMMAFYSZGOFZCM-UHFFFAOYSA-N,O=[N+]([O-])c1c2ccccc2c2ccc3cccc4ccc1c2c43,0.84627265
GNMSZMBBXYJFQB-UHFFFAOYSA-N,Cc1nc2c(cc(C)c3ccc4ccc(O)cc4c32)[nH]1,0.31389
HECLRDQVFMWTQS-JLIMGVALSA-N,C1=C[C@@H]2[C@H]3C=C[C@H](C3)[C@@H]2C1,0.89018166
HWYHZTIRURJOHG-UHFFFAOYSA-N,Nc1cccc2c(O)nnc(O)c12,0.8590443
YLGQIXNQPPIMQK-UHFFFAOYSA-N,O=C1CN(CCCN2CC(=O)NC(=O)C2)CC(=O)N1,0.87176603
ZFIVKAOQEXOYFY-UHFFFAOYSA-N,C1OC1C1CO1,0.96922386
ZATZIBWEALYTHN-UHFFFAOYSA-N,Cc1ccc(NN=NCc2ccc([N+](=O)[O-])cc2)cc1,0.71591884
LRPBXXZUPUBCAP-UHFFFAOYSA-N,OCC1OC(n2cnc3c2ncn2ccnc32)C(O)C1O,0.8696506
CJOXQEXJXBLWDP-UHFFFAOYSA-N,Cc1c(NO)cc(NO)cc1[N+](=O)[O-],0.974232
CTQNGGLPUBDAKN-UHFFFAOYSA-N,Cc1ccccc1C,0.99275196
JMHJDDCGYRIRMY-UHFFFAOYSA-N,c1ccc2c(c1)-c1c(ccc3ccccc13)C1NC21,0.7234871
ALLIZEAXNXSFGD-UHFFFAOYSA-N,Cc1ccccc1-c1ccccc1,0.99278075
JNVGBRQYZHTBTP-UHFFFAOYSA-N,O=C(O)c1ccc(N=Nc2ccc(O)c(C(=O)O)c2)cc1,0.95694244
IVVWBIJMWBNKFV-UHFFFAOYSA-N,Nc1ccc(Oc2ccc(N)c(Cl)c2)cc1Cl,0.9970536
CXKCZFDUOYMOOP-UHFFFAOYSA-N,O=C(O)c1cc(Cl)cc(Cl)c1,0.99366426
SHGAIAGWDXHJHG-IHWYPQMZSA-N,O=C(O)/C(Cl)=C(\CO)C(Cl)Cl,0.8998476
BFEHYQIEGSRACK-UHFFFAOYSA-N,CC(=O)OCc1c2ccccc2cc2ccccc12,0.9906069
SRVFFFJZQVENJC-UHFFFAOYSA-N,CCOC(=O)C1OC1C(=O)NC(CC(C)C)C(=O)NCCC(C)C,0.9764565
TXFLGZOGNOOEFZ-UHFFFAOYSA-N,ClCCNCCCl,0.98711747
YUENFNPLGJCNRB-UHFFFAOYSA-N,Nc1cccc2cc3ccccc3cc12,0.9865086
FEJKLNWAOXSSNR-UHFFFAOYSA-N,CC(=O)Nc1ccc(OC(=O)c2ccccc2OC(C)=O)cc1,0.99825495
HFZKOYWDLDYELC-UHFFFAOYSA-N,Cc1ccc([N+](=O)[O-])cc1C,0.98632777
UCSSTHOWGCFAPL-QEFDYAAMSA-N,CCCC/C=C/C=C/C=C/C=C/C=C/OCC(O)CO,0.16582511
NNICRUQPODTGRU-UHFFFAOYSA-N,N#CC(O)c1ccccc1,0.97584903
ZTMKADLOSYKWCA-UHFFFAOYSA-N,O=c1[nH]c2c(c(=O)n1C1CCCCC1)CCC2,0.85226566
SRNADEMZUKHZGO-UHFFFAOYSA-N,CN1CCN(c2cc3c(cc2F)n2c(=O)[nH]c(=O)cc2n3C2CC2)CC1,0.91381425
LZDKZFUFMNSQCJ-UHFFFAOYSA-N,CCOCCOCC,0.9859138
ALBYIUDWACNRRB-UHFFFAOYSA-N,CCCCCC(N)=O,0.99575174
AEMFNILZOJDQLW-UHFFFAOYSA-N,CC12CCC3C(CCC4=CC(=O)CCC43C)C1CCC2=O,0.986323
WNTGYJSOUMFZEP-UHFFFAOYSA-N,Cc1cc(Cl)ccc1OC(C)C(=O)O,0.9905833
SDQCGKJCBWXRMK-UHFFFAOYSA-N,Cc1ccc(S(=O)(=O)OC(C)C)cc1,0.98213404
ICUZSZBAAKKRGT-UHFFFAOYSA-N,CC1=CC(=O)c2[nH]c(C)c3c4ccccc4nc-3c2C1=O,0.48794505
IAWKNFOCXFSSLA-UHFFFAOYSA-N,CC(=O)c1cccn1[N+](=O)[O-],0.8218768
USGYMDAUQBQWFU-UHFFFAOYSA-N,C1CC2OC2CCC2OC12,0.8654012
QVMUHZHZYCDMAI-NEPJUHHUSA-N,CC1=CC2=C(C=O)C(=O)[C@](C)(O)[C@H](O)C2=CO1,0.16842864
GXYLXFITCXXCQV-UHFFFAOYSA-N,C[n+]1c2ccccc2cc2ccccc21,0.5896575
RZAUIOKDXQWSQE-UHFFFAOYSA-N,Nc1ccc2cccnc2c1,0.98896444
CTKINSOISVBQLD-VKHMYHEASA-N,OC[C@H]1CO1,0.98158616
LTGGAYWYOQVIEE-PXNSSMCTSA-N,O[C@H]1C=Cc2c(ccc3c2-c2cccc4cccc-3c24)[C@@H]1O,0.066739805
SUDMLGKFWIJSEI-UHFFFAOYSA-N,Nc1nc(N)nc(-c2ccc([N+](=O)[O-])o2)n1,0.9758192
GUAZPUYTLMUTMA-UHFFFAOYSA-N,CN(C)N=Nc1ccc(C(=O)O)cc1,0.97980356
VFEXYZINKMLLAK-UHFFFAOYSA-N,ClC(Cl)(Cl)C1CO1,0.86475164
ZJBMWUSXWCQSJP-WCIQWLHISA-N,O[C@@H]1[C@@H]2O[C@@H]2c2c(ccc3c2-c2cccc4cccc-3c24)[C@H]1O,0.062246315
ZQPPMHVWECSIRJ-MDZDMXLPSA-N,CCCCCCCC/C=C/CCCCCCCC(=O)O,0.97051483
GOEMGAFJFRBGGG-OAHLLOKOSA-N,CCCC(=O)Nc1ccc(OC[C@H](O)CNC(C)C)c(C(C)=O)c1,0.9927014
UAJRSHJHFRVGMG-UHFFFAOYSA-N,C=Cc1ccc(OC)cc1,0.9847173
DDTKLIBTCCSFGT-OXJNMPFZSA-N,O=[N+]([O-])c1ccc2ccc3c4c(cc5ccc1c2c53)C=C[C@H](O)[C@H]4O,0.24190119
WJIFKOVZNJTSGO-UHFFFAOYSA-N,Cc1cccc(Br)c1,0.9965204
SOFCUHQPMOGPQX-UHFFFAOYSA-N,C=C(C)C(=O)OCC(Br)CBr,0.9843721
UCANFCXAKYMFGA-UHFFFAOYSA-N,C=CCOC(=O)c1ccccc1N,0.9881691
OVCDSSHSILBFBN-UHFFFAOYSA-N,CCN(CC)Cc1cc(Nc2ccnc3cc(Cl)ccc23)ccc1O,0.98595077
ZVDSMYGTJDFNHN-UHFFFAOYSA-N,Cc1cc(C)c(N)c(C)c1N,0.98136824
HXBMIQJOSHZCFX-UHFFFAOYSA-N,O=[N+]([O-])c1ccccc1CBr,0.9937406
CERQOIWHTDAKMF-UHFFFAOYSA-N,C=C(C)C(=O)O,0.9671501
YJWBWQWUHVXPNC-UHFFFAOYSA-N,COc1cc2c(cc1OC)-c1c3c(cc4c1C(C2)N(C)CC4)OCO3,0.7751954
XEKOWRVHYACXOJ-UHFFFAOYSA-N,CCOC(C)=O,0.9910306
VWBVCOPVKXNMMZ-UHFFFAOYSA-N,Nc1cccc2c1C(=O)c1cccc(N)c1C2=O,0.97547704
LMVILOHJDARIKK-UHFFFAOYSA-N,CC(=O)OCc1ccc2ccc3cccc4ccc1c2c34,0.98193294
CTSLUCNDVMMDHG-UHFFFAOYSA-N,CCC(C)n1c(=O)[nH]c(C)c(Br)c1=O,0.9690521
LLEMOWNGBBNAJR-UHFFFAOYSA-N,Oc1ccccc1-c1ccccc1,0.9924678
QCVPQZJTIBYSOX-UHFFFAOYSA-N,O=NN1CCCC(O)C1,0.96650976
PKWNELOIZZLEDF-UHFFFAOYSA-N,NCCN(CCCl)c1c2ccccc2nc2c1ccc1ccccc12,0.98186916
YYIFQIPKTRHHMZ-UHFFFAOYSA-N,Nc1[nH]ccc2nc3ccccc3c1-2,0.89515436
BDIAUFOIMFAIPU-KVJIRVJXSA-N,CC(=O)OCC1=CO[C@@H](OC(=O)CC(C)C)[C@H]2C1=C[C@H](OC(=O)CC(C)C)[C@]21CO1,0.014794127
QHDKBUNBGOAFRS-UHFFFAOYSA-N,CC1CNC(=O)N1c1ncc([N+](=O)[O-])s1,0.70195603
LXBGSDVWAMZHDD-UHFFFAOYSA-N,Cc1ncc[nH]1,0.9845106
KCXZNSGUUQJJTR-UHFFFAOYSA-N,CCCCCCOC(=O)c1ccccc1C(=O)OCCCCCC,0.9911075
JFUKUGZCEVFZHX-UHFFFAOYSA-N,COc1cccc2c1CC([N+](=O)[O-])c1ccc3c(c1-2)OCO3,0.78158826
AUNZGHUJTRYJJH-UHFFFAOYSA-N,O=[N+]([O-])c1ccc2ccc3cc4c(c5ccc1c2c35)CCC=C4,0.4933088
WYEPBHZLDUPIOD-UHFFFAOYSA-N,CC(=O)CC(=O)CCC(=O)O,0.9793367
DSSYKIVIOFKYAU-UHFFFAOYSA-N,CC12CCC(CC1=O)C2(C)C,0.95028776
MHKLKWCYGIBEQF-UHFFFAOYSA-N,c1ccc2sc(SN3CCOCC3)nc2c1,0.9799585
MJUSHPQWIGQRFC-UHFFFAOYSA-N,CCCC=[N+]([O-])O,0.7254423
AGRCPNMCOXLKFO-UHFFFAOYSA-N,CN(N=O)C(=O)NC(C=O)C(O)C(O)C(O)CO,0.21272057
JKGLRGGCGUQNEX-UHFFFAOYSA-N,O=C1c2ccccc2C(=O)N1CCl,0.99274457
SFBODOKJTYAUCM-UHFFFAOYSA-N,CC(C)Oc1ccc2c(=O)c(-c3ccccc3)coc2c1,0.9934129
KRAHRISRQSSYAG-UHFFFAOYSA-N,CCC(=O)Nc1snc2ccccc12,0.9951538
WASQBNCGNUTVNI-UHFFFAOYSA-N,Nc1cc(Cl)cc(Cl)c1O,0.9920827
LCPDWSOZIOUXRV-UHFFFAOYSA-N,O=C(O)COc1ccccc1,0.9941188
HVZQEZDKCBTTTL-UHFFFAOYSA-N,Cn1cnc2ccc([N+](=O)[O-])cc21,0.97516894
KRKNYBCHXYNGOX-UHFFFAOYSA-N,O=C(O)CC(O)(CC(=O)O)C(=O)O,0.6365204
FPYUJUBAXZAQNL-UHFFFAOYSA-N,O=Cc1ccccc1Cl,0.9919042
YDQWDHRMZQUTBA-UHFFFAOYSA-N,O=C1c2cccc(O)c2C(=O)c2c(O)cc(CO)cc21,0.9907829
NTSLROIKFLNUIJ-UHFFFAOYSA-N,CCc1ccc(C)nc1,0.99513054
YCMNFTXISHKEBZ-UHFFFAOYSA-N,O=[N+]([O-])c1ccc(-n2nc(-c3ccccc3)n[n+]2-c2ccc(I)cc2)cc1,0.0068820724
LTGGAYWYOQVIEE-UHFFFAOYSA-N,OC1C=Cc2c(ccc3c2-c2cccc4cccc-3c24)C1O,0.066739805
XOKPMCWSKPASGO-AEFFLSMTSA-N,O[C@@H]1C=Cc2ccc3c(ccc4ccccc43)c2[C@H]1O,0.795238
WIIZWVCIJKGZOK-UHFFFAOYSA-N,O=C(NC(CO)C(O)c1ccc([N+](=O)[O-])cc1)C(Cl)Cl,0.98705727
OBCIJGSAPVQGBS-UHFFFAOYSA-N,CCCCN=NC(C)(C)OO,0.8600585
KEWNKZNZRIAIAK-UHFFFAOYSA-N,Oc1c(Cl)c(Cl)cc(Cl)c1Cl,0.9897837
KSWCEGPKEFBTOX-UHFFFAOYSA-N,CC(C)CC(NC(=O)COc1cc(Cl)c(Cl)cc1Cl)C(=O)O,0.99527574
NWIBSHFKIJFRCO-OQUKCIDTSA-N,CO[C@]12[C@H]3N[C@H]3CN1C1=C(C(=O)C(N)=C(C)C1=O)[C@@H]2COC(N)=O,0.055989288
KWIUHFFTVRNATP-UHFFFAOYSA-O,C[N+](C)(C)CC(=O)O,0.9266124
OKJXRNUIKNCGMZ-UHFFFAOYSA-N,O=C1c2ccccc2-c2c1ccc1ccc3ccccc3c21,0.7954745
MPPPKRYCTPRNTB-UHFFFAOYSA-N,CCCCBr,0.99082434
FAVRSRCRWWCBIQ-UHFFFAOYSA-N,O=C(O)C(Cl)=C(C(Cl)Cl)C(Cl)Cl,0.85129076
IYRMWMYZSQPJKC-UHFFFAOYSA-N,O=c1c(O)c(-c2ccc(O)cc2)oc2cc(O)cc(O)c12,0.9678211
JKJNHQJWGCHSHP-UHFFFAOYSA-N,c1ccc2cc3c(ccc4cccnc43)cc2c1,0.98579144
TZIQWQARHPGHIG-UHFFFAOYSA-N,Oc1ccc2c(O)c3ccccc3cc2c1O,0.970793
YMTINGFKWWXKFG-UHFFFAOYSA-N,CC(C)OC(=O)C(C)(C)Oc1ccc(C(=O)c2ccc(Cl)cc2)cc1,0.99245185
XYWVCWLMHPTNBV-UHFFFAOYSA-N,CCCCN(CC(CO)OCc1ccccc1)N=O,0.92869765
WJYOTORRVCDBMO-UHFFFAOYSA-N,COc1cc(Oc2ccc(Cl)cc2Cl)cc([N+](=O)[O-])c1,0.994836
KZNJSFHJUQDYHE-UHFFFAOYSA-N,Cc1cccc2cc3ccccc3cc12,0.9930773
RTZZCYNQPHTPPL-UHFFFAOYSA-N,O=[N+]([O-])c1cccc(O)c1,0.99325055
SENUUPBBLQWHMF-UHFFFAOYSA-N,CC1=CC(=O)C=C(C)C1=O,0.9453624
JNMRHUJNCSQMMB-UHFFFAOYSA-N,Nc1ccc(S(=O)(=O)Nc2nccs2)cc1,0.99585307
DJKGDNKYTKCJKD-UHFFFAOYSA-N,O=C(O)C1C(C(=O)O)C2(Cl)C(Cl)=C(Cl)C1(Cl)C2(Cl)Cl,0.055866662
SCZVXVGZMZRGRU-UHFFFAOYSA-N,CCNCCN,0.99386275
HDHQZCHIXUUSMK-UHFFFAOYSA-N,Oc1cc(O)c2ccccc2n1,0.9883532
XFCMNSHQOZQILR-UHFFFAOYSA-N,C=C(C)C(=O)OCCOCCOC(=O)C(=C)C,0.7585792
GOMAKLPNAAZVCJ-VHSXEESVSA-N,CCOC(=O)[C@@H]1O[C@H]1c1ccccc1,0.8473509
UAWLTQJFZUYROA-UHFFFAOYSA-N,O=[N+]([O-])c1cc2c3ccccc3ccc2c2ccccc12,0.9539986
KIPMDPDAFINLIV-UHFFFAOYSA-N,O=[N+]([O-])CCO,0.91404116
IAGJJNFRAZJPFP-UHFFFAOYSA-N,Fc1ccc2cc3c(cc2c1)-c1cccc2cccc-3c12,0.8930754
USYQKCQEVBFJRP-UHFFFAOYSA-N,Brc1cccc(-c2ccccc2)c1,0.99546343
ZJQJZIJIBNDGAR-UHFFFAOYSA-N,CN=NC(C)(C)OO,0.915542
JHFSVLSQXYYMAR-UHFFFAOYSA-N,[O-][n+]1c2ccccc2c2ccc3cccc4ccc1c2c34,0.7599298
LKMJVFRMDSNFRT-UHFFFAOYSA-N,COCC1CO1,0.9878735
YILRCDLYJGTFTH-UHFFFAOYSA-N,Nc1ccc(N=Nc2ccc(N=Nc3c(S(=O)(=O)O)cc4cc(S(=O)(=O)O)c(N=Nc5ccc(N=Nc6ccc(N)cc6N)cc5)c(O)c4c3N)cc2)c(N)c1,0.9536367
LWKSMQXIHQRJJJ-UHFFFAOYSA-N,CNCCN(Cc1ccc(OC)cc1)c1ccccn1,0.9841456
HJLSLZFTEKNLFI-UHFFFAOYSA-N,CCS(=O)(=O)CCn1c([N+](=O)[O-])cnc1C,0.9891695
ISKQADXMHQSTHK-UHFFFAOYSA-N,NCc1ccc(CN)cc1,0.9907561
TYRGTHQUZVMKOF-UHFFFAOYSA-N,c1ccc2c(c1)ccc1c3c(ccc12)CCC3,0.99066085
KESRAIZGURKHRD-UHFFFAOYSA-N,O=C(CC(O)(CC(=O)OCCBr)C(=O)OCCBr)OCCBr,0.9473475
RCKNRLRYLSSRKX-UHFFFAOYSA-N,CN1CC(O)c2cc3c(c4c2C1Cc1ccccc1-4)OCO3,0.18183398
JADYKDUQDFUWCA-UHFFFAOYSA-N,O=C1Cc2cc3cc([N+](=O)[O-])ccc3cc2C(O)C1O,0.5934316
KUUFZOFMKVIAAW-UHFFFAOYSA-N,CN(C)N=Nc1ccc([N+](=O)[O-])cc1,0.74349296
RAPBNVDSDCTNRC-UHFFFAOYSA-N,CCOC(=O)C(O)(c1ccc(Cl)cc1)c1ccc(Cl)cc1,0.98184067
NUOCMFNNHSVGOL-UHFFFAOYSA-N,CCOC(=O)C(=NNc1ccc(-c2ccc(NN=C(C(=O)OCC)C(=O)OCC)cc2)cc1)C(=O)OCC,0.8458569
SPYCJKMYYZZDMN-UHFFFAOYSA-N,Nc1snc2c(Cl)cc(Cl)cc12,0.9466249
GNCOVOVCHIHPHP-UHFFFAOYSA-N,CC(=O)C(N=Nc1ccc(-c2ccc(N=NC(C(C)=O)C(=O)Nc3ccccc3)c(Cl)c2)cc1Cl)C(=O)Nc1ccccc1,0.8581076
MMXGRWOPIXWDHU-UHFFFAOYSA-N,COc1cc2nc3cc(N)c(OC)cc3nc2cc1N,0.94206643
UOTNPNNIJVLIGD-UHFFFAOYSA-N,O=[N+]([O-])c1ccc2c(c1)Oc1cc([N+](=O)[O-])ccc1O2,0.87962526
NMECCCMBJFTPJS-UHFFFAOYSA-N,O=C1c2ccccc2-c2ccc3ccc4ccccc4c3c21,0.84935886
WXZOXVVKILCOPG-UHFFFAOYSA-N,CCCCC(CC)COC(=O)c1cccc(C(=O)OCC(CC)CCCC)c1,0.8825286
HTJFSXYVAKSPNF-UHFFFAOYSA-N,C(CC1CO1)C1CO1,0.93766445
JYNVRRQCZATZKK-AATRIKPKSA-N,COC(=O)/C(C)=C/c1ccc([N+](=O)[O-])o1,0.9178416
VJZIFWJDMWTWTE-UHFFFAOYSA-N,c1cnc2c(c1)CCC1OC21,0.60440105
NWPKEYHUZKMWKJ-UHFFFAOYSA-N,CCOc1ccc([N+](=O)[O-])cc1,0.99518436
QTQWMSOQOSJFBV-OAHLLOKOSA-N,CCN(CC)CCC[C@@H](C)Nc1cc(OC)cc2cccnc12,0.9949267
UJPMYEOUBPIPHQ-UHFFFAOYSA-N,CC(F)(F)F,0.97211415
IMOYOUMVYICGCA-UHFFFAOYSA-N,COc1ccc(O)cc1C(C)(C)C,0.99123794
VDUWPHTZYNWKRN-UHFFFAOYSA-N,CCn1nc(C(=O)O)c(=O)c2cc3c(cc21)OCO3,0.94154686
IBODDUNKEPPBKW-UHFFFAOYSA-N,BrCCCCCBr,0.98957527
ARXHNGIHALXNCR-UPHRSURJSA-N,O=CNc1nc(/C=C\c2ccc([N+](=O)[O-])o2)cs1,0.995726
VIOBPYITUPAFAV-UHFFFAOYSA-N,COc1ccc2nc3cc(Cl)ccc3c(NCCCNCCCl)c2n1,0.9881296
LAVVTZUAVHIIPO-UHFFFAOYSA-N,COC(=O)c1cc2c([nH]c3ccccc32)c(-c2ccc3c(n2)C(=O)C=CC3=O)n1,0.6002304
XCGYUJZMCCFSRP-UHFFFAOYSA-N,CC(C)NCC1CCc2cc(CO)c([N+](=O)[O-])cc2N1,0.96910256
VPJDULFXCAQHRC-UHFFFAOYSA-N,C=CCNC(N)=O,0.96319914
QRZGPVDTPFRMJJ-VCHYOVAHSA-N,COc1ccc(/C=N/n2nnc3c4ccccc4nc-3c2O)cc1,0.96646214
DSZTYVZOIUIIGA-UHFFFAOYSA-N,CCCCCCCCCCCCCCC1CO1,0.9848872
ZGWJGKWXNVDMII-UHFFFAOYSA-N,CCOc1ccc(N=O)cc1,0.9954016
ALYNCZNDIQEVRV-UHFFFAOYSA-N,Nc1ccc(C(=O)O)cc1,0.9954657
XMWRWTSZNLOZFN-UHFFFAOYSA-N,Cc1c([N+](=O)[O-])c(C)c([N+](=O)[O-])c(C(C)(C)C)c1[N+](=O)[O-],0.8642691
PCILLCXFKWDRMK-UHFFFAOYSA-N,Oc1ccc(O)c2ccccc12,0.9944248
ZBCATMYQYDCTIZ-UHFFFAOYSA-N,Cc1ccc(O)c(O)c1,0.9948437
KMTDMTZBNYGUNX-UHFFFAOYSA-N,Cc1ccc(CO)cc1,0.9904917
LWOWNIPZHGWKNR-DUXPYHPUSA-N,O=C(O)/C=C/c1ccc([N+](=O)[O-])o1,0.98495114
SYCPFEHYIQHTLA-UHFFFAOYSA-N,OC1CC=Cc2cccnc21,0.7421608
YIVJZNGAASQVEM-UHFFFAOYSA-N,CCCCCCCCCCCC(=O)OOC(=O)CCCCCCCCCCC,0.99119204
GHMLBKRAJCXXBS-UHFFFAOYSA-N,Oc1cccc(O)c1,0.9922174
LGYNIFWIKSEESD-MRVPVSSYSA-N,CCCC[C@H](C=O)CC,0.9676711
JDIORNFCMMYMLF-UHFFFAOYSA-N,COc1cc(O)c2c(=O)c3c(O)ccc(O)c3oc2c1,0.9210448
SMEROWZSTRWXGI-AOUCNHLBSA-N,C[C@@H](CCC(=O)O)[C@H]1CC[C@H]2[C@@H]3CC[C@H]4C[C@@H](O)CC[C@]4(C)[C@H]3CC[C@@]21C,0.87883645
MTBYTWZDRVOMBR-UHFFFAOYSA-N,O=[N+]([O-])c1cc(Cl)c(Cl)c(Cl)c1Cl,0.9939464
HZNVUJQVZSTENZ-UHFFFAOYSA-N,N#CC1=C(C#N)C(=O)C(Cl)=C(Cl)C1=O,0.9402742
QDTNJAYLSJACEQ-UHFFFAOYSA-N,CS(=O)(=O)Nc1ccc(Nc2c3ccccc3nc3ccccc23)cc1,0.9769697
DNSLRLGSGNTPAQ-UHFFFAOYSA-N,Cc1ccc2nc3c(ccc4ccccc43)c(CO)c2c1,0.98473233
SVTVTMBNDSAORT-UHFFFAOYSA-N,O=C(Nc1ccccc1)C1CO1,0.9952997
CGKPGVZMSKVVOF-UHFFFAOYSA-N,O=[N+]([O-])CCl,0.87113124
RTTWLTLNKLTUJR-UHFFFAOYSA-N,C=C(C=O)CCC,0.97376007
SJPQUECDNWANFT-SCSAIBSYSA-N,C[C@@H](O)CN(C)N=O,0.9707225
KCHZKCPEJADLHA-UHFFFAOYSA-N,Cc1c(N)cccc1N=[N+]([O-])c1cccc(N)c1C,0.78543365
XRSIQFNWEQMSHI-UHFFFAOYSA-N,Cn1cnc(-c2ccccc2)c1[N+](=O)[O-],0.9705189
LTWFSMHHLMTFFU-LFIBNONCSA-N,O=C(/C=C/c1ccccc1)c1ccc(-c2ccccc2)cc1,0.9984297
SUNXFMPZAFGPFW-UHFFFAOYSA-N,CC1CCC(C(C)CS)CC1S,0.930989
APOAEUBPCAZTDV-HYXAFXHYSA-N,CC(C)NC(=O)/C=C\c1ccc([N+](=O)[O-])o1,0.99444926
HPNMFZURTQLUMO-UHFFFAOYSA-N,CCNCC,0.9916453
QMVPMAAFGQKVCJ-UHFFFAOYSA-N,CC(C)=CCCC(C)CCO,0.9783019
UYCZVGCFKDEVCK-UHFFFAOYSA-N,CC(=O)OCN(C)[N+](=O)[O-],0.60814947
STGCUJXPWRUKEI-UHFFFAOYSA-N,O=C(O)CC(NC(=O)COc1ccc(Cl)cc1Cl)C(=O)O,0.97928065
ZINRVIQBCHAZMM-UHFFFAOYSA-N,Nc1c(Br)cc(Br)c2c1C(=O)c1ccccc1C2=O,0.9314991
OELWBYBVFOLSTA-UHFFFAOYSA-N,CCCCCN(CCCCC)N=O,0.9180197
XCHARIIIZLLEBL-UHFFFAOYSA-N,CC1(C)CCC2(C(=O)O)CCC3(C)C(=CCC4C5(C)CC(O)C(OC6OC(CO)C(O)C(O)C6O)C(C)(C(=O)O)C5CCC43C)C2C1,0.0076185665
LHJGJYXLEPZJPM-UHFFFAOYSA-N,Oc1cc(Cl)c(Cl)cc1Cl,0.9886718
JJVKJJNCIILLRP-UHFFFAOYSA-N,CCc1cccc(C)c1N,0.99355066
YGJHZCLPZAZIHH-UHFFFAOYSA-N,CCCCN(CCCC)N=O,0.9503676
WDGIWHCVUOLSME-UHFFFAOYSA-N,O=[N+]([O-])c1ccc2cc([N+](=O)[O-])c3ccc([N+](=O)[O-])cc3c2c1,0.9433043
WDHBKPKURFBUFF-YLJYHZDGSA-N,O=[N+]([O-])c1ccc2ccc3c4c(cc5ccc1c2c53)[C@@H](O)[C@H](O)C=C4,0.041697055
VMSMELHEXDVEDE-HWKANZROSA-N,O=C/C=C/c1ccccc1[N+](=O)[O-],0.994306
XEKUXTMJEFPWCG-VKHMYHEASA-N,CC[C@@H](Cl)[N+](=O)[O-],0.7363179
SLWANLQVLHQJPM-UHFFFAOYSA-N,CC(=O)Oc1c(OC(C)=O)c2c([N+](=O)[O-])ccc3c4ccccc4c4cccc1c4c23,0.39369428
CYLWJCABXYDINA-JTQLQIEISA-N,CN1[C@@H](CSCC(F)(F)F)Nc2cc(Cl)c(S(N)(=O)=O)cc2S1(=O)=O,0.7904217
DJEIHHYCDCTAAH-UHFFFAOYSA-N,COc1ccc(-c2noc(CC(=O)O)c2-c2ccc(OC)cc2)cc1,0.9917406
NUZWLKWWNNJHPT-UHFFFAOYSA-N,O=C1c2c(O)cccc2Cc2cccc(O)c21,0.9641842
KFUSXMDYOPXKKT-SECBINFHSA-N,Cc1ccccc1OC[C@H]1CO1,0.9961073
PYGXAGIECVVIOZ-UHFFFAOYSA-N,CCCCOC(=O)CCCCCCCCC(=O)OCCCC,0.9930314
GJEUIVYGSBNNKW-UHFFFAOYSA-N,CC(=O)Nc1ccc2ncccc2c1,0.9969152
UNBMPKNTYKDYCG-ZCFIWIBFSA-N,CC(C)C[C@@H](C)N,0.98946
WWEGKHYWESCXOK-UHFFFAOYSA-N,COC(=O)C12CC1(C=O)C(C=O)=CC1CC(C)(C)CC12,0.260106
PQGYTADZWXODNY-UHFFFAOYSA-N,CC(=O)OCN(CCCCl)N=O,0.97068787
GMGGMXJWIUFFNB-UHFFFAOYSA-N,O=[N+]([O-])c1ccc2ccc3c4c(cc5ccc1c2c53)CCCC4,0.67142874
SGDBTWWWUNNDEQ-GFCCVEGCSA-N,N[C@H](Cc1ccc(N(CCCl)CCCl)cc1)C(=O)O,0.9887665
ASFZQCLAQPBWDN-UHFFFAOYSA-N,COc1c(CO)c(O)cc2c1C(=O)c1ccccc1C2=O,0.97083235
HLDUHCYBUVVDOT-UHFFFAOYSA-N,O=C(O)c1ccc(NC2OCC(O)C(O)C2O)cc1,0.9599827
ZIRSFJVDQYTAEK-UHFFFAOYSA-N,Cc1c2c(cc3ccccc13)-c1ccccc1C(O)C2O,0.63882047
STIGFNKEUDOLLO-UHFFFAOYSA-N,NC(CSCCCl)C(=O)O,0.9565834
RNDDJWKCHWDEDA-UHFFFAOYSA-N,O=[N+]([O-])c1cc([N+](=O)[O-])c2c3ccccc3c3cccc4ccc1c2c43,0.34177157
RTDCJKARQCRONF-UHFFFAOYSA-N,CCN(C)N=O,0.97663736
KIEMDHJPRIFLDJ-UHFFFAOYSA-N,Clc1nncc2cccnc12,0.9811612
BUGCHAIWUSBYIZ-UHFFFAOYSA-N,CC(=O)Nc1ccc(Oc2ccc(NC(C)=O)cc2)cc1,0.9978387
LDXAIDDOZJVFQO-UHFFFAOYSA-N,CCCCCn1cc2c3c(cccc31)C1C=C(C)CN(C)C1C2,0.24330173
HQCSZRIVJVOYSU-YFKPBYRVSA-N,CCOC[C@H]1CO1,0.99011666
XCTWLIUNPSHBSS-GFCCVEGCSA-N,CCCCN(C[C@@H](O)C1=CC(=[N+]=[N-])C(=O)C=C1)N=O,0.5931913
DECIPOUIJURFOJ-UHFFFAOYSA-N,CCOc1ccc2c(c1)C(C)=CC(C)(C)N2,0.9634995
RKWGIWYCVPQPMF-UHFFFAOYSA-N,CCCNC(=O)NS(=O)(=O)c1ccc(Cl)cc1,0.9965773
VYYARLZUMSKDPQ-UHFFFAOYSA-N,c1ccc2c(c1)-c1ccc3ccccc3c1C1OC21,0.70101726
UJTANULYSZODGX-UHFFFAOYSA-N,CSCCC(NC(=O)COc1ccc(Cl)cc1Cl)C(=O)O,0.9848754
SKDNDVDHYMEGNJ-SOFGYWHQSA-N,O=[N+]([O-])/C(Br)=C/c1ccccc1,0.9187562
VOYHBEQAOUCNID-UHFFFAOYSA-N,COc1cc(O)c2c(O)c3c(=O)oc(C)cc3c(OC)c2c1,0.8943183
BBABSCYTNHOKOG-UHFFFAOYSA-N,COc1c(Cl)c(Cl)c(Cl)c(Cl)c1Cl,0.95215917
AGFAJSXQOTVQCE-UHFFFAOYSA-N,O=[N+]([O-])c1cc2[nH]c3cc([N+](=O)[O-])c4ccccc4c3c2c2ccccc12,0.95486134
JKJKVYIHGWHFSO-UHFFFAOYSA-N,O=C(O)CCCc1ccc(NCCCl)cc1,0.9954169
QQWAKSKPSOFJFF-UHFFFAOYSA-N,CCCCCCC(C)(C)C(=O)OCC1CO1,0.9732449
PVRJOEAYRBQPLF-UHFFFAOYSA-N,CC(=O)CN(CC(C)O)N=O,0.9733015
QHOZSLCIKHUPSU-LPLKQDONSA-N,C/C=C(/C)C(=O)O[C@H]1CCN2CC=C(COC(=O)[C@@](O)([C@H](C)OC)C(C)(C)O)[C@H]12,0.2927179
KOHHEVIEXLLJCV-UHFFFAOYSA-N,O=[N+]([O-])c1ccc2cc([N+](=O)[O-])c([N+](=O)[O-])cc2c1,0.9551373
YNQLUTRBYVCPMQ-UHFFFAOYSA-N,CCc1ccccc1,0.9688372
KUDUQBURMYMBIJ-UHFFFAOYSA-N,C=CC(=O)OCCOC(=O)C=C,0.9733602
MDNWOSOZYLHTCG-UHFFFAOYSA-N,Oc1ccc(Cl)cc1Cc1cc(Cl)ccc1O,0.9916318
LTHNHFOGQMKPOV-MRVPVSSYSA-N,CCCC[C@@H](CC)CN,0.9815276
FBOZXECLQNJBKD-UHFFFAOYSA-N,CN(Cc1cnc2nc(N)nc(N)c2n1)c1ccc(C(=O)NC(CCC(=O)O)C(=O)O)cc1,0.7842242
VXFJYXUZANRPDJ-UHFFFAOYSA-N,CCOC(=O)C(CCc1ccccc1)NC(C)C(=O)N1C(C(=O)O)CC2CCCCC21,0.9513426
CFWPNVAHIGEFIJ-UHFFFAOYSA-N,COc1ccc(-c2nc(-c3ccc(C)cc3)c(-c3ccc(C)cc3)[nH]2)cc1OC,0.99212146
STVZJERGLQHEKB-UHFFFAOYSA-N,C=C(C)C(=O)OCCOC(=O)C(=C)C,0.9819333
UYVSZHKDKAJWPP-UHFFFAOYSA-N,CC(=O)OCc1ccc(N=Nc2ccc(COC(C)=O)cc2)cc1,0.97549385
COCLLEMEIJQBAG-UHFFFAOYSA-N,C=C(C)C(=O)OCCCCCCCC(C)C,0.9885048
XOFYZVNMUHMLCC-UHFFFAOYSA-N,CC12C=CC(=O)C=C1CCC1C2C(=O)CC2(C)C1CCC2(O)C(=O)CO,0.43566203
ZBTMRBYMKUEVEU-UHFFFAOYSA-N,Cc1ccc(Br)cc1,0.99080044
UTSVPXMQSFGQTM-UHFFFAOYSA-N,COc1cc2c(c3oc4cccc(O)c4c(=O)c13)C1C=COC1O2,0.03984018
MEHHPFQKXOUFFV-UHFFFAOYSA-N,CC12C=CC3=C4CCC(=O)C=C4CCC3C1CCC2O,0.013035536
RFUAMQCKKXWCFF-UHFFFAOYSA-N,Cc1c2ccc(CO)cc2nc2c1ccc1ccccc12,0.9349337
TWBPWBPGNQWFSJ-UHFFFAOYSA-N,Nc1ccccc1-c1ccccc1,0.99119824
UXZMENDRKLBIQW-UHFFFAOYSA-N,CC(=O)ON(OCc1ccc(Oc2ccccc2)cc1)C(=O)c1ccccc1,0.9885147
CEOCVKWBUWKBKA-UHFFFAOYSA-N,O=C(Cl)c1ccc(Cl)cc1Cl,0.98816586
QMOQBVOBWVNSNO-UHFFFAOYSA-N,NCC(=O)NCC(=O)NCC(=O)NCC(=O)O,0.99027807
SBRSKWZLTLQYPK-UHFFFAOYSA-N,Cn1c(N)nc2nc3ncccc3cc21,0.96807075
VSFWHFGMEIZHMD-UHFFFAOYSA-N,C=C(C)C(=O)OCCOC(=O)NNC(=O)OCCOC(=O)C(=C)C,0.8795942
RVZHGYYMTIKPPB-UHFFFAOYSA-N,ClN1C2c3ccccc3-c3ccccc3C21,0.36594063
JHWGFJBTMHEZME-UHFFFAOYSA-N,C=CC(=O)OCCCCOC(=O)C=C,0.9731565
QIZKXBATUXLXTQ-UHFFFAOYSA-N,O=[N+]([O-])c1cc2c3ccccc3sc2c2ccccc12,0.9219989
PFWYHTORQZAGCA-UHFFFAOYSA-N,CC(=O)OCc1ccc2c(c1)OCO2,0.9931136
LMYVCXSKCQSIEQ-UHFFFAOYSA-N,Cc1cccc2ncccc12,0.9905075
LKMJVFRMDSNFRT-BYPYZUCNSA-N,COC[C@H]1CO1,0.9878735
BQPRWZCEKZLBHL-UHFFFAOYSA-N,COc1c(OC)c2occc2c2oc(=O)ccc12,0.9721991
XGCUCFKWVIWWNW-UHFFFAOYSA-N,CC(=O)OC1C(O)C2OC3C=C(C)C(=O)C(O)C3(CO)C1(C)C21CO1,0.0029561834
BILPUZXRUDPOOF-UHFFFAOYSA-N,CCCCCCCCCCCCCCCCCCOC(=O)CCCCCCCCCCCCCCC,0.9873586
DXAQJFFBBWXAAL-ZCXUNETKSA-N,CCCCC(=O)/N=c1\sn(C(=O)CCCC)c2ccc([N+](=O)[O-])cc12,0.43883154
KBQXIXLXZLYHJJ-UHFFFAOYSA-N,CNc1ccc2ncc(-c3ccccc3)nc2c1C,0.9941705
CQWYAXCOVZKLHY-UHFFFAOYSA-N,CC(C)(C)CBr,0.96157914
VVWYOYDLCMFIEM-UHFFFAOYSA-N,CC(C)[N+](C)(CCOC(=O)C1c2ccccc2Oc2ccccc21)C(C)C,0.48922402
OBPLBICJMCINMR-UHFFFAOYSA-N,BrCc1cc2c3c(cccc3c1)-c1ccccc1-2,0.9930351
GGLZPLKKBSSKCX-YFKPBYRVSA-N,CCSCC[C@H](N)C(=O)O,0.95877147
RFPCZCUWSKCJNM-UHFFFAOYSA-N,CC(C)OC(=O)c1cc(Cc2ccc(N)c(C(=O)OC(C)C)c2)ccc1N,0.9436864
CVAVMIODJQHEEH-UHFFFAOYSA-O,CCN(CC)c1ccc2c(-c3ccccc3C(=O)O)c3ccc(N(CC)CC)cc3[o+]c2c1,0.9801301
RCLDHCIEAUJSBD-UHFFFAOYSA-N,O=S(=O)(O)c1ccc2cc(Oc3ccc4cc(S(=O)(=O)O)ccc4c3)ccc2c1,0.9851917
GPNAVOJCQIEKQF-UHFFFAOYSA-N,Nc1nc2ccc([N+](=O)[O-])cc2s1,0.986949
YJQJOONVCZZDPE-UHFFFAOYSA-N,CC(C)(C)c1cc(-c2ccccc2)ccc1NO,0.98632485
JSBXCTZQDYMKJQ-UHFFFAOYSA-N,[N-]=[N+]=CC(=O)NCC(N)=O,0.9302776
SLRQNUOHLJYXRG-UHFFFAOYSA-N,O=[N+]([O-])c1cccc(-c2ccc(O)c([N+](=O)[O-])c2)c1,0.99085945
RIOXQFHNBCKOKP-UHFFFAOYSA-N,CCCCNC(=O)n1c(NC(=O)OC)nc2ccccc21,0.9937111
GOEKRDSMCCRNOB-UHFFFAOYSA-N,COC(=O)C12OC1(C)C(O)(C(C)C)NC2=O,0.14359124
ITBDROATCZHGRZ-UHFFFAOYSA-N,O=NN1CCSC1CO,0.78026325
FOWXIRIJHSFCRC-UHFFFAOYSA-N,Cc1cc(C)c([N+](=O)[O-])cc1[N+](=O)[O-],0.9920907
ZAJLBASAGMOSBJ-UHFFFAOYSA-N,C1=COc2c(c3ccccc3c3cc4ccccc4cc23)C=C1,0.9331711
GGXRZUFEHAUOEV-UHFFFAOYSA-N,O=[N+]([O-])C1=Cc2cccc3cccc(c23)O1,0.6662617
DNJVYWXIDISQRD-IKIJQIQFSA-N,C[C@@]12CCc3occc3C1CC[C@@]13CC(CCC12)C(O)(CO)C3,0.01266483
QBYJBZPUGVGKQQ-UHFFFAOYSA-N,ClC1=C(Cl)C2(Cl)C3C4C=CC(C4)C3C1(Cl)C2(Cl)Cl,0.092459396
AAKMSGQPNUGLAZ-UHFFFAOYSA-N,O=C(Nc1cccc2c(=O)c3c(ccc4c5cc(NC(=O)c6ccccc6)c6c(=O)c7ccccc7c(=O)c6c5[nH]c43)c(=O)c12)c1ccccc1,0.6820491
OUPJROLVIGQOLX-UHFFFAOYSA-N,O=C(Nc1cccc(Br)c1)c1csc([N+](=O)[O-])c1,0.9892517
PFEJYMBOBAPJLI-UHFFFAOYSA-N,NNc1nc2ccc3nc4ccccc4c(O)c3c2s1,0.83785635
UMKFEPPTGMDVMI-UHFFFAOYSA-N,O=P1(N(CCCl)CCCl)OCCCN1CCCl,0.9943901
QMMOXUPEWRXHJS-HWKANZROSA-N,C/C=C/CC,0.93121445
CNXNJGNHOMJIMY-UHFFFAOYSA-N,Cc1ccc(N=[N+]([O-])c2ccc(C)c([N+](=O)[O-])c2)cc1[N+](=O)[O-],0.49287534
XPPWPWDVLBEMIF-UHFFFAOYSA-N,Cn1c(N)nc2nc3cccnc3cc21,0.8097025
QRVSDVDFJFKYKA-UHFFFAOYSA-N,CC(C)OC(=O)CC(=O)OC(C)C,0.9589225
FEYJIFXFOHFGCC-UHFFFAOYSA-N,CCCCCC[N+](=O)[O-],0.82397395
FKTHQEHUMZTLTL-UHFFFAOYSA-N,Cn1c(N=[N+]=[N-])nc2ncc(-c3ccccc3)cc21,0.6691301
BFSVOASYOCHEOV-UHFFFAOYSA-N,CCN(CC)CCO,0.99009866
YZDJRMGVHDIISE-UHFFFAOYSA-N,[N-]=[N+]=NCC(CO)Cc1ccccc1,0.899004
MKPBIJCHRMSNKZ-UHFFFAOYSA-N,CCCCON(OC(C)=O)C(=O)c1ccc2ccccc2c1,0.9736084
XBUUPDGMEFMISI-UHFFFAOYSA-N,Cc1cc2nc3ccc(C)c(N)c3nc2cc1N,0.98131585
GWZMWHWAWHPNHN-UHFFFAOYSA-N,C=CC(=O)OCC(C)O,0.96162814
MUBZPKHOEPUJKR-UHFFFAOYSA-N,O=C(O)C(=O)O,0.9891144
HGMCWLNLXMIMEQ-UHFFFAOYSA-N,c1ccc2c(c1)ccc1cc3c(ccc4ccncc43)cc12,0.9383388
PGMRWRQBMDSQPZ-UHFFFAOYSA-N,OC1C=Cc2c(c3cc4ccccc4cc3c3ccccc23)C1O,0.5393182
DAHPIMYBWVSMKQ-UHFFFAOYSA-N,O=NN(O)c1ccccc1,0.87688607
FCHFYAVLGFWSQU-UHFFFAOYSA-N,C=CCN1CCC=C2c3nc(NC(C)=O)sc3CCC21,0.90715504
KRTYVWKREPCSNP-UHFFFAOYSA-N,CCC(=O)C1c2cccc(O)c2C(=O)c2c(O)cccc21,0.85467887
JGEMYUOFGVHXKV-OWOJBTEDSA-N,O=C/C=C/C=O,0.9425518
XLYVHYXTFHZCNY-UHFFFAOYSA-N,O=NN(CC(=O)O)CC(=O)O,0.8423049
BRRIJZQYTOFDAF-UHFFFAOYSA-N,COc1ccc2c(ccc3oc([N+](=O)[O-])cc32)c1,0.98778176
ZWEHNKRNPOVVGH-UHFFFAOYSA-N,CCC(C)=O,0.9933187
ZJRWZTHOZANQFZ-UHFFFAOYSA-N,COc1cc(C)cc2c(O)c(-c3c(C)cc4c(O)ccc(O)c4c3OC)cc(O)c12,0.115719266
YAFLSYWJWKFBCV-UHFFFAOYSA-N,O=[N+]([O-])c1ccc2[nH]c3c([N+](=O)[O-])c(O)c([N+](=O)[O-])cc3c2c1,0.93048304
DVKJHBMWWAPEIU-UHFFFAOYSA-N,Cc1ccc(N=C=O)cc1N=C=O,0.9363795
OXNIZHLAWKMVMX-UHFFFAOYSA-N,O=[N+]([O-])c1cc([N+](=O)[O-])c(O)c([N+](=O)[O-])c1,0.97669244
WDRYRZXSPDWGEB-UHFFFAOYSA-N,O=C(O)c1nn(Cc2ccc(Cl)cc2Cl)c2ccccc12,0.9928558
CEAIOKFZXJMDAS-UHFFFAOYSA-N,CN1CCN(N=O)CC1,0.8457999
VUUONEBXXLQCQX-UHFFFAOYSA-N,COc1cc(O)c2c(c1)C(=O)c1c(O)c(C)cc(O)c1C2=O,0.95772415
VKGLRCZFZSPDBU-UHFFFAOYSA-N,Cn1c(N=[N+]=[N-])nc2ccc3ncccc3c21,0.81337404
MPMFCABZENCRHV-UHFFFAOYSA-N,CCN(CC)CCOc1ccc2c(c1)C(=O)c1cc(OCCN(CC)CC)ccc1-2,0.99257237
NCUCGYYHUFIYNU-UHFFFAOYSA-N,COC(=O)C1=C(C)NC(C)=C(C(=O)OCC(C)=O)C1c1ccccc1[N+](=O)[O-],0.38803533
BLCZXLGRKKRKJJ-UHFFFAOYSA-N,Nc1cccc(O)c1[N+](=O)[O-],0.9937265
ULFISVXZDJQFKQ-UHFFFAOYSA-N,BrCc1ccc2c3c(cccc13)-c1ccccc1-2,0.986217
JVQARNVOLWRXJG-UHFFFAOYSA-N,Cc1nc2c(C)c(C)c3c(nc(N)n3C)c2nc1C,0.85887694
OJGMBLNIHDZDGS-UHFFFAOYSA-N,CCNc1ccccc1,0.992215
UTGQNNCQYDRXCH-UHFFFAOYSA-N,c1ccc(Nc2ccc(Nc3ccccc3)cc2)cc1,0.9765079
KKPSVEMSXXKXSM-RQZCQDPDSA-N,O=[N+]([O-])c1ccc(/C=N/n2nnc3c4ccccc4nc-3c2O)cc1,0.9645685
GSMQLSLMXNUMDK-UHFFFAOYSA-N,OC1C2=C(C3OC3C1O)C1c3cccc4cccc(c34)C1C=C2,0.032516114
UFLGIAIHIAPJJC-UHFFFAOYSA-N,CN(C)CCN(Cc1ccccc1)c1ccccn1,0.986214
SVMGVZLUIWGYPH-UHFFFAOYSA-N,O=[N+]([O-])c1ccc(Oc2ccc(N=C=S)cc2)cc1,0.94135666
WHIVNJATOVLWBW-PLNGDYQASA-N,CC/C(C)=N\O,0.98971504
AMPCGOAFZFKBGH-UHFFFAOYSA-N,CN=C1C=CC(=C(c2ccc(N(C)C)cc2)c2ccc(N(C)C)cc2)C=C1,0.41051227
ISBWKKKMLFVMHH-UXHICEINSA-N,c1ccc2c3c4c(ccc5cccc(c54)[C@H]4O[C@@H]34)cc2c1,0.61303705
PMRYVIKBURPHAH-UHFFFAOYSA-N,Cn1ccnc1S,0.9675762
XMTQQYYKAHVGBJ-UHFFFAOYSA-N,CN(C)C(=O)Nc1ccc(Cl)c(Cl)c1,0.99711215
DUFGYCAXVIUXIP-UHFFFAOYSA-N,Oc1cc(O)ncn1,0.98255324
BFKJFAAPBSQJPD-UHFFFAOYSA-N,FC(F)=C(F)F,0.9418307
ISAOCJYIOMOJEB-UHFFFAOYSA-N,O=C(c1ccccc1)C(O)c1ccccc1,0.97346514
HWSSEYVMGDIFMH-UHFFFAOYSA-N,C=C(C)C(=O)OCCOCCOCCOC(=O)C(=C)C,0.41263658
QITLDCYUPWIQCI-UHFFFAOYSA-N,Cc1cccc(NO)c1,0.98148465
BNGCFLDEAHJKPE-UHFFFAOYSA-N,Cc1cccc2c1C(C)c1ccccc1-2,0.9436746
QNHDNQYIEITLHU-UHFFFAOYSA-N,CCc1ccccc1NC(=O)c1csc([N+](=O)[O-])c1,0.987956
CTJZWFCPUDPLME-UHFFFAOYSA-N,CC1(C)OC1COc1c2occc2cc2ccc(=O)oc12,0.8544687
WURGXGVFSMYFCG-UHFFFAOYSA-N,CN(C)S(=O)(=O)N(SC(F)(Cl)Cl)c1ccccc1,0.8624094
WDFZWSZNOFELJY-OLQVQODUSA-N,C1=C[C@@H]2O[C@@H]2C=C1,0.8989607
CFYHLGZIEDABBW-UHFFFAOYSA-N,CN(C)CCNC(=O)c1cccc2[nH]c(-c3ccccc3)nc12,0.9972372
IPDMWUNUULAXLU-UHFFFAOYSA-N,COc1c(C=O)c(O)cc2c1C(=O)c1ccccc1C2=O,0.97021425
LAMUXTNQCICZQX-UHFFFAOYSA-N,OCCCCl,0.9915979
FSYXMFXBRJFYBS-JKSUJKDBSA-N,C#CCc1ccc(COC(=O)[C@H]2[C@H](C=C(C)C)C2(C)C)o1,0.8457375
RBACIKXCRWGCBB-UHFFFAOYSA-N,CCC1CO1,0.9888038
XEEVLJKYYUVTRC-UHFFFAOYSA-N,O=C(O)C(=O)C(=O)O,0.9767457
MGSRCZKZVOBKFT-UHFFFAOYSA-N,Cc1ccc(C(C)C)c(O)c1,0.9919497
JBHJPSXXEJFSRP-VXLYETTFSA-N,COC(=O)c1ccc(/C=N/n2nnc3c4ccccc4nc-3c2O)cc1,0.88771147
XOKCJXZZNAUIQN-UHFFFAOYSA-N,CN1C(=O)C(O)CC1c1cccnc1,0.9123825
NLZUEZXRPGMBCV-UHFFFAOYSA-N,Cc1cc(C(C)(C)C)c(O)c(C(C)(C)C)c1,0.98560405
QENGPZGAWFQWCZ-UHFFFAOYSA-N,Cc1ccsc1,0.98433983
HYMICPOXKZEDRM-UHFFFAOYSA-N,CCNc1snc2ccccc12,0.9782371
FPLFMMYMWKRIFA-UHFFFAOYSA-N,CCC1(O)CC(OC2CC(N)C(O)C(C)O2)c2c(cc3c(c2O)C(=O)c2c(O)ccc(O)c2C3=O)C1C(=O)OC,0.0044513834
VZHUBBUZNIULNM-UHFFFAOYSA-N,CCCC(=O)OC1CCCCC1,0.9931518
WHODQVWERNSQEO-UHFFFAOYSA-N,Nc1ccc(O)c([N+](=O)[O-])c1,0.99686736
ZJBMQVPEJHVSQA-UHFFFAOYSA-N,CCC1(O)CC(OC2CC(N(C)C)C(O)C(C)O2)c2c(cc3c(c2O)C(=O)c2c(O)ccc(O)c2C3=O)C1C(=O)OC,0.008737649
MROJXXOCABQVEF-UHFFFAOYSA-N,CC(=O)Nc1ccc(CC(=O)O)cc1,0.99709845
IERHLVCPSMICTF-JPCMASIJSA-N,Nc1ccn([C@H]2O[C@@H](COP(=O)(O)O)[C@H](O)[C@H]2O)c(=O)n1,0.7075746
RUDATBOHQWOJDD-UHFFFAOYSA-N,CC(CCC(=O)O)C1CCC2C3C(O)CC4CC(O)CCC4(C)C3CCC12C,0.016321024
FPPLREPCQJZDAQ-ZCFIWIBFSA-N,C[C@@H](C#N)CCC#N,0.988934
TZRXHJWUDPFEEY-UHFFFAOYSA-N,O=[N+]([O-])OCC(CO[N+](=O)[O-])(CO[N+](=O)[O-])CO[N+](=O)[O-],0.67221886
ZDVDVLRYVOZWMP-UHFFFAOYSA-O,COc1cc2c(cc1O)CC1c3c(cc(OC)c(O)c3-2)CC[N+]1(C)C,0.65643895
DYVZJYYJUNOBHR-UHFFFAOYSA-N,CCN(CC)CCn1nc2ccc(CO)c3c2c1Sc1cc(Cl)ccc1-3,0.97517586
PSNIYGKWARCUAN-UHFFFAOYSA-N,NC(=O)OC1CO1,0.9828538
DEZGUBHMVIGIIS-UHFFFAOYSA-N,CC12C=CC(=O)C=C1CCC1C2C(O)CC2(C)C1CCC2(O)C(O)C=O,0.53241944
YTGJWQPHMWSCST-GSVOUGTGSA-N,C[C@@H](S)C(=O)NCC(=O)O,0.9867605
PVJBULRDYUGSDW-FCHUYYIVSA-N,c1ccc2c(c1)-c1c(c3ccccc3c3ccccc13)[C@H]1N[C@@H]21,0.49110836
KSHJAFFDLKPUMT-UHFFFAOYSA-N,Cc1c(O)cc([N+](=O)[O-])cc1[N+](=O)[O-],0.9942305
WZKXBGJNNCGHIC-UHFFFAOYSA-N,CN(C)c1ccc(C(c2ccccc2)c2ccc(N(C)C)cc2)cc1,0.97046274
ACFXRTVRTJDJSS-UHFFFAOYSA-N,CCN(CCCl)CCCNc1c2ccccc2nc2c1ccc1cccnc12,0.98744965
NSBRKSWSLRQPJW-UHFFFAOYSA-N,C=CC1CN2CCC1CC2C(OC(=O)OCC)c1ccnc2ccc(OC)cc12,0.8921221
LBJVHMAYBNQJBK-UHFFFAOYSA-N,CCc1cccc(CC)c1NC(=O)CCl,0.99846613
SSNMTYTXJCMMSO-UHFFFAOYSA-N,CC(C)CN(N=O)C(=N)N[N+](=O)[O-],0.857597
XSSYCIGJYCVRRK-UHFFFAOYSA-N,Nc1nc(O)c2ncn(C3C=CC(CO)C3)c2n1,0.67140657
ZFGJBKONELDGDQ-UHFFFAOYSA-N,Oc1ccc2cc3c4ccccc4c4ccccc4c3cc2c1,0.975963
VBTQNRFWXBXZQR-UHFFFAOYSA-N,CC(=O)NBr,0.98840207
AJXIRXPZNGBLIW-UHFFFAOYSA-N,NNc1nncc2cccnc12,0.9601742
ODHXBMXNKOYIBV-UHFFFAOYSA-N,c1ccc(N(c2ccccc2)c2ccccc2)cc1,0.97828203
KZVBBTZJMSWGTK-UHFFFAOYSA-N,CCCCOCCOCCOCCCC,0.988981
XCWPXUNHSPOFGV-UHFFFAOYSA-N,C=CCOC(=O)COCCC(C)C,0.9867557
JQYVNWLYERETFN-UHFFFAOYSA-N,CC(=O)OCC1OC(Oc2cccc3c2C(=O)c2c(O)cccc2C3=O)C(OC(C)=O)C(OC(C)=O)C1OC(C)=O,0.07652799
PIJVASQAQLIDRI-UHFFFAOYSA-N,OC1c2ccc3nc4ccc5ccccc5c4cc3c2C2OC2C1O,0.13856423
RVLMBTDFEBZGMJ-UHFFFAOYSA-N,CC12CCC3C(CCC4CC(O)CCC43C)C1CCC(=O)N2,0.8462979
SWMBSMJCJWZRNR-UHFFFAOYSA-N,c1cc2ccc3ccc(C4CO4)c4ccc(c1)c2c34,0.90062916
DFSGPCZWEQJJID-UHFFFAOYSA-N,[N-]=[N+]=NCCc1ccccc1,0.98273313
FHNINJWBTRXEBC-UHFFFAOYSA-N,Oc1ccc2ccccc2c1N=Nc1ccc(N=Nc2ccccc2)cc1,0.99670887
WVXRAFOPTSTNLL-RQJHMYQMSA-N,Nc1ncnc2c1ncn2[C@@H]1CC[C@H](CO)O1,0.87548393
RANCECPPZPIPNO-UHFFFAOYSA-N,Oc1cc(Cl)ccc1Cl,0.99395657
FLHJIAFUWHPJRT-UHFFFAOYSA-N,CC1=Nc2ccccc2C1(C)C,0.81269926
NZBXAYHLQSMNQS-UHFFFAOYSA-N,CC(C)(C)N(Cc1ccccc1)CC(O)c1ccc(O)c(CO)c1,0.94584364
MBGYSHXGENGTBP-GFCCVEGCSA-N,CCCC[C@@H](CC)COC(=O)CCCCC(=O)O,0.9424408
XPRFYYVRSILJDC-UHFFFAOYSA-N,Cc1ccc2ccc3cc4ccccc4cc3c2c1,0.97925025
IRTWLWBEQPMVNM-UHFFFAOYSA-N,Fc1cc(F)c2cccnc2c1,0.99177116
QBPFLULOKWLNNW-UHFFFAOYSA-N,O=C1c2cccc(O)c2C(=O)c2c(O)cccc21,0.95968956
DDUHZTYCFQRHIY-UHFFFAOYSA-N,COC1=CC(=O)CC(C)C12Oc1c(Cl)c(OC)cc(OC)c1C2=O,0.0070240274
CUFXMPWHOWYNSO-UHFFFAOYSA-N,Cc1ccc(OCC2CO2)cc1,0.99672806
PADIFGYTAXNCRK-UHFFFAOYSA-N,COc1cc(O)cc2c1cc([N+](=O)[O-])c1c(C(=O)O)cc3c(c12)OCO3,0.4987185
YUBNBIPSIUCFCD-UHFFFAOYSA-N,CC(Br)(CBr)COP(=O)(OCC(C)(Br)CBr)OCC(C)(Br)CBr,0.92821544
ZDXRXHJYIKTZBH-UHFFFAOYSA-N,Cc1c2ccccc2c(C)c2c3c(ccc12)C(=O)C(=O)C=C3,0.87809324
HJRBRVSWKNUUCW-UHFFFAOYSA-N,CCCCCC(CC)OC(=O)c1cccc(C(=O)OC(CC)CCCCC)c1,0.8486235
YZVWKHVRBDQPMQ-UHFFFAOYSA-N,Nc1ccc2ccc3cccc4ccc1c2c34,0.9861442
DKXQDOLWLOYQOK-UHFFFAOYSA-N,CC(=O)N(O)c1ccc(C)cc1,0.9609142
LESVOLZBIFDZGS-UHFFFAOYSA-N,CNC(=O)C(C)SCCSP(=O)(OC)OC,0.7699698
PASDCCFISLVPSO-UHFFFAOYSA-N,O=C(Cl)c1ccccc1,0.9948251
YXFVVABEGXRONW-UHFFFAOYSA-N,Cc1ccccc1,0.9871535
ZLIGRPUXADGCAJ-UHFFFAOYSA-N,CC(=O)N(O)c1ccc(Oc2ccc(Cl)cc2Cl)cc1,0.9951054
OMCPLEZZPVJJIS-OLZOCXBDSA-N,CC(C)NC[C@@H](O)COc1cccc2c1OC[C@@H](O[N+](=O)[O-])C2,0.98941284
RSWGJHLUYNHPMX-UHFFFAOYSA-N,CC(C)C1=CC2=CCC3C(C)(C(=O)O)CCCC3(C)C2CC1,0.1649884
XUNYLLBGLKGFHO-UHFFFAOYSA-N,O=[N+]([O-])C(Cl)Cl,0.78305495
GZGZVOLBULPDFD-UHFFFAOYSA-N,Nc1ccc(NCCO)c([N+](=O)[O-])c1,0.9969879
LMLNXNLVGAZZPV-CVEARBPZSA-N,O=[N+]([O-])c1ccc2ccc3cccc4c3c2c1[C@@H]1O[C@H]41,0.8110459
REQIUGALNFLDSJ-SNAWJCMRSA-N,O=[N+]([O-])c1ccc(/C=C/c2cccc(Cl)c2)cc1,0.9958236
LINPIYWFGCPVIE-UHFFFAOYSA-N,Oc1c(Cl)cc(Cl)cc1Cl,0.9911074
GYCMBHHDWRMZGG-UHFFFAOYSA-N,C=C(C)C#N,0.92977357
WSLDOOZREJYCGB-UHFFFAOYSA-N,ClCCCl,0.9836137
OULKNAVVGXZJNK-UHFFFAOYSA-N,O=S(=O)(Nc1cc(Cl)cc(Cl)c1)c1cccc2cccnc12,0.993437
MGUKYHHAGPFJMC-UHFFFAOYSA-N,Cc1cc(C2(c3cc(C)c(O)cc3C)OS(=O)(=O)c3ccccc32)c(C)cc1O,0.19877729
OTIPMCASPYRJGC-UHFFFAOYSA-N,O=CNc1ccc(Oc2ccc(Cl)cc2Cl)cc1,0.9923185
FHIVAFMUCKRCQO-UHFFFAOYSA-N,CCOP(=S)(OCC)Oc1cc(C)nc(C(C)C)n1,0.96846294
LVKLJLYFIFXBKM-UHFFFAOYSA-N,Clc1cc2c3ccccc3ccc2c2ccccc12,0.960861
JCKYGMPEJWAADB-UHFFFAOYSA-N,O=C(O)CCCc1ccc(N(CCCl)CCCl)cc1,0.9948565
RYFZYYUIAZYQLC-UHFFFAOYSA-N,ClSC(Cl)(Cl)Cl,0.89668936
NOWKCMXCCJGMRR-UHFFFAOYSA-N,C1CN1,0.97654074
KRGFPQZSLAXGLX-UHFFFAOYSA-N,Cc1cc(C#[N+][O-])cc(C#[N+][O-])c1,0.9730415
KZQZOUXUEGIOQD-UHFFFAOYSA-N,Cc1cc(N)c(C)c2c1[nH]c1ccccc12,0.97817296
ICRHCNSZHYPRNZ-UHFFFAOYSA-N,C1=Cc2c3c1cccc3cc1ccc3ccccc3c21,0.87693906
LQAFHHYQQCGQLD-UHFFFAOYSA-N,N=C1NC(=O)N(C2OC(CO)C(O)C2O)CC1=O,0.022440447
MTNSVLMCFGOYDM-UHFFFAOYSA-N,CC(C)(C)NCC(O)COc1ccccc1C1=CCCC1,0.9949692
YITJBKAOHXETFG-UHFFFAOYSA-N,c1ccc2c(COCC3CO3)cccc2c1,0.99561214
DCUJJWWUNKIJPH-UHFFFAOYSA-N,Clc1cccc(C(Cl)(Cl)Cl)n1,0.9662144
IISBACLAFKSPIT-UHFFFAOYSA-N,CC(C)(c1ccc(O)cc1)c1ccc(O)cc1,0.9729082
TWGHMXOYRUTQOL-UHFFFAOYSA-N,COc1ccc2c(OC)c3ccoc3nc2c1,0.9867291
FIWHJQPAGLNURC-UHFFFAOYSA-N,CC(C)(C)CCCCCC(=O)OCC1CO1,0.9870673
ULUIMLJNTCECJU-UHFFFAOYSA-N,Nc1cc(S(=O)(=O)O)ccc1O,0.99326694
CIIOACBBIMHZQA-UHFFFAOYSA-N,O=[N+]([O-])c1ccc2ccc3cccc4c(O)cc1c2c34,0.7803872
PWRBCZZQRRPXAB-UHFFFAOYSA-N,Clc1cccnc1,0.98820156
JNCSIWAONQTVCF-UHFFFAOYSA-N,c1ccc2c(c1)ccc1nc3c(ccc4ccccc43)cc12,0.9712285
VADKJOKAEOPSCX-UHFFFAOYSA-N,COc1cc(O)ccc1Nc1c2ccccc2nc2ccccc12,0.9493252
OKEYYZJTTUDDGO-UHFFFAOYSA-N,c1ccc2c(c1)cc1sc3cccc4ccc2c1c43,0.84132785
ZFIVKAOQEXOYFY-QWWZWVQMSA-N,C1O[C@H]1[C@H]1CO1,0.96922386
SQVATHOPVKLFQL-UHFFFAOYSA-N,O=[N+]([O-])c1cc([N+](=O)[O-])c2c3c(c4cccc5ccc1c2c54)CCCC3,0.38068777
HGHJYCKSBMCGRK-UHFFFAOYSA-N,Cc1cc2cc3cc(C)c(N)cc3nc2cc1N,0.9656227
UWROMTIFNKTGEH-BIIVOSGPSA-N,COC(=O)[C@]12O[C@@]1(C)[C@@](C)(O)OC2=O,0.5311223
OJUGVDODNPJEEC-UHFFFAOYSA-N,O=CC(=O)c1ccccc1,0.98786175
LLCTUSJTCJPCJC-UHFFFAOYSA-N,Cc1ccc2nc3c(cc2c1)-c1cccc2cccc-3c12,0.8424897
GPMYDZBSYQUDJZ-UHFFFAOYSA-N,CCOc1ccc(N(O)C(C)=O)cc1,0.9912184
XHHMVRDFRFEWKO-UHFFFAOYSA-N,CCOC(=O)C[n+]1csc2ccccc21,0.21366061
JIPVPTNPSLPAEI-UHFFFAOYSA-N,NC(=O)C1(C(N)=O)OC1C(=O)c1ccccc1,0.76339227
SUZRRICLUFMAQD-UHFFFAOYSA-N,CNCCS(=O)(=O)O,0.98227626
PSKOZCNQFZZURF-UHFFFAOYSA-N,CN(Cc1cccc(C#N)c1)N=O,0.96966964
JYTLOAIDAIPVPW-UHFFFAOYSA-N,O=C1OCC(CCl)=C1Cl,0.98019505
CWFINLADSFPMHF-UHFFFAOYSA-N,ONc1cccc2ccccc12,0.9849187
OPXLLQIJSORQAM-UHFFFAOYSA-N,COC(=O)Nc1nc2cc(C(=O)c3ccccc3)ccc2[nH]1,0.98063123
NPULRJKDSGAKML-UHFFFAOYSA-O,N#[N+]c1nc[nH]c1C(N)=O,0.97586435
LEBUMELHEOWISN-UHFFFAOYSA-N,Cc1cc2ccccc2c2cc3c(cc12)C(O)C(O)C=C3,0.07696471
PTAFVMYPDHJIFU-UHFFFAOYSA-N,Cc1ccc(N(CC2(O)OCC(O)C(O)C2O)N=O)cc1,0.31137577
WDZGGAFMGIOIQS-DHZHZOJOSA-N,O=C(/C=C/c1ccc([N+](=O)[O-])cc1)c1ccccc1,0.9982514
JDNTWHVOXJZDSN-UHFFFAOYSA-N,O=C(O)CI,0.99154073
COVZYZSDYWQREU-UHFFFAOYSA-N,CS(=O)(=O)OCCCCOS(C)(=O)=O,0.9716476
HSOVYQBHMNRGKG-UHFFFAOYSA-N,CC1(OO)c2ccccc2-c2ccccc21,0.59045786
CXBMCYHAMVGWJQ-UHFFFAOYSA-N,CC(C)=CC1C(C(=O)OCN2C(=O)C3=C(CCCC3)C2=O)C1(C)C,0.06796946
HCSSNIVEYXNVFG-UHFFFAOYSA-N,c1cc2c3c(c4ccc5ccccc5c4cc3c1)C1OC21,0.47616357
NBFMTHWVRBOVPE-UHFFFAOYSA-N,Clc1ccc2c(c1)Oc1ccc(Cl)cc1O2,0.9821577
XBGNERSKEKDZDS-UHFFFAOYSA-N,CN(C)CCNC(=O)c1cccc2cc3ccccc3nc12,0.99786323
JUJWROOIHBZHMG-UHFFFAOYSA-N,c1ccncc1,0.98012024
CZGCEKJOLUNIFY-UHFFFAOYSA-N,O=[N+]([O-])c1ccc(Cl)cc1,0.9882869
HFHIDKQMGIGARX-UHFFFAOYSA-N,Nc1c(N=Nc2ccc(-c3ccc(N=Nc4cc(S(=O)(=O)O)c5ccccc5c4N)cc3)cc2)cc(S(=O)(=O)O)c2ccccc12,0.9870744
ZRALSGWEFCBTJO-UHFFFAOYSA-N,N=C(N)N,0.94867325
OQBSNVMTMMNGCH-UHFFFAOYSA-N,O=S(=O)(O)OCc1c2ccccc2cc2c1ccc1ccccc12,0.9691581
VJANPCXLBDGFCT-UHFFFAOYSA-N,CC(C)(C)c1cc(-c2ccccc2)ccc1N=O,0.97015697
QAWJAMQTRGCJMH-UHFFFAOYSA-N,Cc1ccc(C2CO2)cc1,0.9676138
QTECDUFMBMSHKR-UHFFFAOYSA-N,C=CCOC(=O)C=C,0.9857817
SEWFHKXOGALKAV-UHFFFAOYSA-N,c1cnc2c(c1)ccc1c2ccc2cccnc21,0.9864885
SWMBSMJCJWZRNR-INIZCTEOSA-N,c1cc2ccc3ccc([C@@H]4CO4)c4ccc(c1)c2c34,0.90062916
PDFBJCRLHMEJQP-NSCUHMNNSA-N,COc1ccc(/C=C/c2ccc([N+](=O)[O-])cc2)cc1,0.9971945
JRBJSXQPQWSCCF-UHFFFAOYSA-N,COc1cc(-c2ccc(N)c(OC)c2)ccc1N,0.9937721
SGHZUKBSLLOHPU-UHFFFAOYSA-N,OC1c2cccc3ccc4cc5ccccc5c(c4c23)C1O,0.68086666
DWZYLQQRBUCHIM-UHFFFAOYSA-N,Cc1cc2c(c3ccc4c(c13)C1OC1C(O)C4O)CCC2,0.31917512
VTDMOCLDFVEGNM-LLVKDONJSA-N,C[C@@H](O)c1cc2ccc3cccc4ccc(c1)c2c34,0.9368796
DKVNAGXPRSYHLB-UHFFFAOYSA-N,O=[N+]([O-])c1ccc(Nc2ccc(N=C=S)cc2)cc1,0.9519325
KMZHZAAOEWVPSE-UHFFFAOYSA-N,CC(=O)OCC(O)CO,0.9870192
XYFHXKUXMXHTPU-UHFFFAOYSA-N,O=[N+]([O-])c1cccc2cnsc12,0.93766016
CKXZFOQIXWVUJC-UHFFFAOYSA-N,O=C(NC(S)c1nc2ccccc2s1)NC(S)c1nc2ccccc2s1,0.9237059
ILLOBGFGKYTZRO-UHFFFAOYSA-N,CCCCC(CC)COP(OCC(CC)CCCC)OCC(CC)CCCC,0.80386484
YTGNIIJMSNZCOG-UHFFFAOYSA-N,CC(=O)OCCC(C=O)c1c(O)cc2c(c1O)C(=O)c1c(O)cc(O)cc1C2=O,0.5822803
BQFCCCIRTOLPEF-UHFFFAOYSA-N,Cc1ccccc1N=Nc1c(O)ccc2ccccc12,0.9979122
CUFXMPWHOWYNSO-JTQLQIEISA-N,Cc1ccc(OC[C@H]2CO2)cc1,0.99672806
IRGWFPQSVKCDEC-UHFFFAOYSA-N,Nc1ccc2cc(S(=O)(=O)O)c(N=Nc3ccc(-c4ccc(N=Nc5ccc(O)c(C(=O)O)c5)cc4)cc3)c(O)c2c1,0.98573446
FERJJDIFVVTDGQ-UHFFFAOYSA-N,Nc1cc(CCO)c(N)c([N+](=O)[O-])c1,0.9435502
VFKZTMPDYBFSTM-UHFFFAOYSA-N,OC(CBr)C(O)C(O)C(O)CBr,0.77877605
ZDSMLAYSJRQEGM-UHFFFAOYSA-N,OCNc1ncnc2c1ncn2C1OC(CO)C(O)C1O,0.9181641
CTKPHIBQMJQHOG-UHFFFAOYSA-N,CC(=O)OCc1ccccc1[N+](=O)[O-],0.99336
FXZGYEWQIGIFMC-UHFFFAOYSA-N,O=[N+]([O-])c1cc(C(F)(F)F)cc([N+](=O)[O-])c1O,0.99107754
AYSOUYKQIUYGFR-UHFFFAOYSA-N,CC1(C)CC(N)CC(C)(C)N1O,0.96387446
UNBMPKNTYKDYCG-UHFFFAOYSA-N,CC(C)CC(C)N,0.98946
WOPYAFSUGHOZBW-UHFFFAOYSA-N,O=[N+]([O-])c1cccc2c1c([N+](=O)[O-])cc1ccccc12,0.9161944
WTDRDQBEARUVNC-ZCFIWIBFSA-N,N[C@H](Cc1ccc(O)c(O)c1)C(=O)O,0.98433775
RFKITWRHKUYMRJ-ZDUSSCGKSA-N,O=C(O)C1=NN(c2ccc(S(=O)(=O)O)cc2)C(=O)[C@H]1N=Nc1ccc(S(=O)(=O)O)cc1,0.61962
JSGVZVOGOQILFM-UHFFFAOYSA-N,COC(C)CCO,0.98447126
FBHPVOLRIXZZMD-UHFFFAOYSA-N,COC(=O)C(N)Cc1ccc(Cl)cc1,0.9900917
QZSFJRIWRPJUOH-UHFFFAOYSA-N,CCCCC(CC)COC(=O)COc1ccc(Cl)cc1Cl,0.9908346
SUAUILGSCPYJCS-UHFFFAOYSA-N,COc1c(C(C)(C)C)cc([N+](=O)[O-])c(C)c1[N+](=O)[O-],0.9677825
VAOCPAMSLUNLGC-UHFFFAOYSA-N,Cc1ncc([N+](=O)[O-])n1CCO,0.9892687
QVWJMXQQFRQGHC-UHFFFAOYSA-N,c1ccc2c(c1)ccc1cc3ccc4ccncc4c3cc12,0.9656989
WOFRTBWWWXOQRM-MRVPVSSYSA-N,CCCCN(CC[C@@H](C)O)N=O,0.9573646
TUBKRNYLIIIOAU-UHFFFAOYSA-N,C=C(C)c1cc(O)c(C)cc1O,0.98883384
ZXVONLUNISGICL-UHFFFAOYSA-N,Cc1cc([N+](=O)[O-])cc([N+](=O)[O-])c1O,0.98699874
ORDKAVSHIKNMAN-WQLSENKSSA-N,CCOP(=O)(OCC)O/C(=C\Br)c1ccc(Cl)cc1Cl,0.93312407
MTCFGRXMJLQNBG-UHFFFAOYSA-N,NC(CO)C(=O)O,0.98678744
JLYXXMFPNIAWKQ-UHFFFAOYSA-N,ClC1C(Cl)C(Cl)C(Cl)C(Cl)C1Cl,0.8409658
KOWKPLCVFRHICH-UHFFFAOYSA-N,BrCc1c2ccccc2cc2ccccc12,0.99226576
GLJRUXJFSCIQFV-GSVOUGTGSA-N,OC[C@H](O)CI,0.9927893
QSECPQCFCWVBKM-UHFFFAOYSA-N,OCCI,0.9813213
HEOPIHCNLJJPGU-LFIBNONCSA-O,CN1C=CN(CCC[n+]2ccc(C(N)=O)cc2)C1/C=N/O,0.5492008
XSQUKJJJFZCRTK-UHFFFAOYSA-N,NC(N)=O,0.9941011
IYLUPPNUGBEWFI-VOTSOKGWSA-N,Cc1ccc(/C=C/c2ccc(N)cc2)cc1,0.9973538
SUPCQIBBMFXVTL-UHFFFAOYSA-N,C=C(C)C(=O)OCC,0.9874642
YXAOOTNFFAQIPZ-UHFFFAOYSA-N,O=Nc1c(O)ccc2ccccc12,0.9954228
UDEUGEPKOYAIRN-UHFFFAOYSA-N,Cn1c([N+](=O)[O-])cnc1C(O)c1cc(C(C)(C)C)cc(C(C)(C)C)c1O,0.5090632
YVTVKGADNTVFRY-UHFFFAOYSA-N,COc1ccc(N(CCCl)CCCl)c2cc([N+](=O)[O-])oc12,0.9921495
CPEUVMUXAHMANV-UHFFFAOYSA-N,COC(=O)Nc1nc2cc(C(=O)c3ccc(F)cc3)ccc2[nH]1,0.9748403
VODRWDBLLGYRJT-UHFFFAOYSA-N,CC(C)OC(=O)CCl,0.99372214
SFLGSKRGOWRGBR-UHFFFAOYSA-N,c1ccc2c(c1)COC2,0.98376864
AMQJEAYHLZJPGS-UHFFFAOYSA-N,CCCCCO,0.99036074
JZQKKSLKJUAGIC-UHFFFAOYSA-N,CC(C)NCC(O)COc1cccc2[nH]ccc12,0.99719113
QSIDJGUAAUSPMG-UHFFFAOYSA-N,C=C1CC23CCC4C(C)(C(=O)O)CCCC4(C)C2CCC1(OC1OC(CO)C(O)C(O)C1O)C3,0.0039035012
JGXPJGJSAMZYBO-UHFFFAOYSA-N,Cc1cc(Nc2ccc(O)cc2)ccc1N,0.9928122
QSJXEFYPDANLFS-UHFFFAOYSA-N,CC(=O)C(C)=O,0.9881792
IXNJEDIJJZHXAI-FQEVSTJZSA-N,c1ccc2c(c1)ccc1c3ccccc3c([C@@H]3CO3)cc21,0.9021355
SSLUBNFUCQBYTP-UHFFFAOYSA-N,Nc1c(C(=O)O)cc([N+](=O)[O-])c2c1C(=O)c1ccccc1C2=O,0.9685109
UVKXJAUUKPDDNW-NSCUHMNNSA-N,C/C=C/CC#N,0.93864745
HGJOQONKWSVYMB-UHFFFAOYSA-N,COc1ccc2c(c1)C(=O)c1nccc3cc(OC)c(OC)c-2c13,0.9610078
NUIURNJTPRWVAP-UHFFFAOYSA-N,Cc1cc(-c2ccc(N)c(C)c2)ccc1N,0.9948567
ZTEHOZMYMCEYRM-UHFFFAOYSA-N,CCCCCCCCCCCl,0.9912697
LGLMHMRNPVACGS-UHFFFAOYSA-N,O=NN1CSCC1C(=O)O,0.8967248
SOGAXMICEFXMKE-UHFFFAOYSA-N,C=C(C)C(=O)OCCCC,0.9937913
JGQGCJKPBAYEHO-UHFFFAOYSA-N,O=C1CN(CCN2CC(=O)N(CN3CCOCC3)C(=O)C2)CC(=O)N1CN1CCOCC1,0.71476036
OQDXASJSCOTNQS-UHFFFAOYSA-N,c1ccc2c(c1)-c1cccc3cc4ccccc4c-2c13,0.980724
PQCAUHUKTBHUSA-UHFFFAOYSA-N,O=[N+]([O-])c1cccc2c[nH]nc12,0.98485976
LREBZIARNANHNE-UHFFFAOYSA-N,O=[N+]([O-])c1c2c(cc3c1ccc1ccccc13)C=CC(O)C2O,0.7761373
VOXZDWNPVJITMN-UHFFFAOYSA-N,CC12CCC3c4ccc(O)cc4CCC3C1CCC2O,0.7288497
LHRLXHMVKNESOE-UHFFFAOYSA-N,Cc1cccc(CN(C)N=O)c1,0.98723954
CSWBSLXBXRFNST-MQQKCMAXSA-N,C/C=C/C=C/CCCCCCCO,0.818925
MILVVALDWMFUGH-UHFFFAOYSA-N,COC(=O)C1=C(c2ccccc2)C(C)OC1=O,0.87504315
ZAIHOQPRGVJGQI-UHFFFAOYSA-N,FC(F)(F)c1cccc(CN2C3c4ccccc4-c4ccccc4C32)c1,0.677038
BTLXPCBPYBNQNR-UHFFFAOYSA-N,O=C1c2ccccc2C(=O)c2c(O)cccc21,0.98147064
JQYVNWLYERETFN-HZRCXWLISA-N,CC(=O)OC[C@H]1O[C@@H](Oc2cccc3c2C(=O)c2c(O)cccc2C3=O)[C@H](OC(C)=O)[C@@H](OC(C)=O)[C@@H]1OC(C)=O,0.07652799
CCBDBWAKDHGKNI-UHFFFAOYSA-N,Nc1ccc2nc3ccc(N)cc3nc2c1,0.98067
AFAIELJLZYUNPW-UHFFFAOYSA-N,N=C1C=CC(=C(c2ccc(N)cc2)c2ccc(N)cc2)C=C1,0.43346784
LAGFFQGUWPDQNH-LBPRGKRZSA-N,c1ccc2cc([C@@H]3CO3)ccc2c1,0.9115132
GJWKESBGGYFNFA-UHFFFAOYSA-N,O=[N+]([O-])c1cc2c3c(ccc4cc([N+](=O)[O-])cc(c43)CC2)c1,0.9051091
WMBRESALSWMMHD-UHFFFAOYSA-N,CC(C)Sc1cc(Cc2ccc(N)c(SC(C)C)c2)ccc1N,0.9502588
IYMCQNNWNNRAQH-UHFFFAOYSA-N,CCc1cccc2c3c([nH]c12)C(C)(CC)OCC3,0.9556766
KMMQAUKTTUZQTD-UHFFFAOYSA-N,Cc1cc(C)cc(NO)c1,0.9860157
MKQWTWSXVILIKJ-UHFFFAOYSA-N,O=CC(NC(=O)N(CCCl)N=O)C(O)C(O)C(O)CO,0.27378765
ISTKKTAIKRCSBN-UHFFFAOYSA-N,Cn1c(N)nc2nc3cnccc3cc21,0.67905515
LHNICELDCMPPDE-UHFFFAOYSA-N,Nc1c2ccccc2cc2ccccc12,0.99010885
KUAUJXBLDYVELT-UHFFFAOYSA-N,CC(C)(COCC1CO1)COCC1CO1,0.56835455
IAHZBRPNDIVNNR-UHFFFAOYSA-N,CCOCC=O,0.98645395
YKUDHBLDJYZZQS-UHFFFAOYSA-N,Oc1nc(Cl)nc(Cl)n1,0.9756527
HNQCQEGJQSCZMU-UHFFFAOYSA-N,ClCc1ccc2c3c(cccc13)-c1ccccc1-2,0.98007464
XJCLWVXTCRQIDI-UHFFFAOYSA-N,C=C(Cl)CSC(=S)N(CC)CC,0.98261815
JBKVHLHDHHXQEQ-UHFFFAOYSA-N,O=C1CCCCCN1,0.9755166
HWECMADGHQKSLK-UHFFFAOYSA-N,C=CC1(C)CCC2(C)C(C1)C(=O)CC1C3(C)CCCC12OC3=O,0.016923353
GRDXCFKBQWDAJH-UHFFFAOYSA-N,CC(=O)Nc1ccc(S(=O)(=O)Cl)cc1,0.99740666
TUEYGBZZQFXBOS-UHFFFAOYSA-N,COc1cccc2c1C(=O)c1c(O)c3c(c(O)c1C2=O)CC(O)(C(=O)CO)CC3OC1CC(N)C(OC)C(C)O1,0.008715841
HSUIVCLOAAJSRE-UHFFFAOYSA-N,COCCOC(=O)c1ccccc1C(=O)OCCOC,0.99381
SCOUSWSDUZEVKV-UHFFFAOYSA-N,O=[N+]([O-])c1ccc2nc3ccc([N+](=O)[O-])cc3nc2c1,0.94872916
ZMCHBSMFKQYNKA-UHFFFAOYSA-N,Nc1ccccc1S(=O)(=O)O,0.98630047
VEDDBHYQWFOITD-UHFFFAOYSA-N,OCc1ccc(Br)cc1,0.9922156
ZCCUUQDIBDJBTK-UHFFFAOYSA-N,O=c1ccc2cc3ccoc3cc2o1,0.99372166
IJAPPYDYQCXOEF-UHFFFAOYSA-N,Oc1nncc2ccccc12,0.9372163
ZVXBAHLOGZCFTP-UHFFFAOYSA-N,CCOC(=O)COc1ccc2c(=O)cc(-c3ccccc3)oc2c1,0.994686
ZPEZGWPZHITXSF-UHFFFAOYSA-N,O=[N+]([O-])c1ccc2c(c1)sc1ccccc12,0.98132193
UFIGOYSEDNHKGT-UHFFFAOYSA-N,Fc1cnc2ccccc2c1,0.98639166
UBQLCQJBQYBLHV-VOTSOKGWSA-N,Cc1ccc(/C=C/c2ccc([N+](=O)[O-])cc2)cc1,0.99700147
GROCBQWLHMMTLP-UHFFFAOYSA-N,CCc1ccc2c(c1[N+](=O)[O-])C(=O)c1ccccc1C2=O,0.97425145
YFYHJNJCAGHSFA-UHFFFAOYSA-N,Cc1c2ccccc2c2ccc3cccc4ccc1c2c43,0.9067294
AFPNTTFBCMSLLO-UHFFFAOYSA-N,Nc1cccc2ccc3ccccc3c12,0.9717524
AILAVJFBFWLVHF-UHFFFAOYSA-N,NC(=O)c1csc([N+](=O)[O-])c1,0.98159087
XGQOGVGIYGXEDR-JTQLQIEISA-N,Clc1ccc(CC[C@H]2CO2)cc1,0.9918183
NXRVNGLQRJEAOH-HWKANZROSA-N,CCNC(=O)/C=C/c1ccc([N+](=O)[O-])o1,0.9971934
ZWUCNQLCSQYDDQ-VHBYAKMZSA-N,C[C@]12CC[C@H]3[C@@H](CC=C4NC(=O)CC[C@@]43C)[C@@H]1CC[C@@H]2OC(=O)CCCc1ccc(N(CCCl)CCCl)cc1,0.10129836
MWWLXWJCCZTCCQ-UHFFFAOYSA-N,CC(=O)Nc1ccc2cccnc2c1,0.9975026
NJLGSVSVNHBQEG-UHFFFAOYSA-O,C[n+]1c2ccccc2cc2ccc(N)cc21,0.33348534
YFPSDOXLHBDCOR-UHFFFAOYSA-N,O=C1C=Cc2ccc3c4c(ccc1c24)C=CC3=O,0.87688386
ULALSFRIGPMWRS-UHFFFAOYSA-N,O=[N+]([O-])c1cc([N+](=O)[O-])c2ccccc2c1,0.9672561
JZMAOFGLDVHLEO-UHFFFAOYSA-N,CC(=O)Nc1ccc(Oc2ccc(N(O)C(C)=O)cc2)cc1,0.98432356
PVLJETXTTWAYEW-UHFFFAOYSA-N,CN(c1nccc(O)n1)C1CCN(c2nc3ccccc3n2Cc2ccc(F)cc2)CC1,0.9967955
QMVDCUCAPJTHNE-UHFFFAOYSA-N,OC1c2cc3ccc4ccccc4c3cc2C2OC2C1O,0.19475175
MIYFJEKZLFWKLZ-UHFFFAOYSA-N,O=C(Cc1ccccc1)OCc1ccccc1,0.99516475
WVXRAFOPTSTNLL-UHFFFAOYSA-N,Nc1ncnc2c1ncn2C1CCC(CO)O1,0.87548393
AGMLIICQHWMQGU-UHFFFAOYSA-N,COc1ccc(NC(=O)c2csc([N+](=O)[O-])c2)cc1,0.9746249
XMGQYMWWDOXHJM-UHFFFAOYSA-N,C=C(C)C1CC=C(C)CC1,0.923982
ZVLOPMNVFLSSAA-UHFFFAOYSA-N,C=C1C(=O)OC2CC(C)C3C=CC(=O)C3(C)C(O)C12,0.0056917975
LCCNCVORNKJIRZ-UHFFFAOYSA-N,CCOP(=S)(OCC)Oc1ccc([N+](=O)[O-])cc1,0.99172044
NTBYINQTYWZXLH-UHFFFAOYSA-N,O=[N+]([O-])c1ccc(Cl)c(Cl)c1,0.993004
XMQACTYLNNBBEQ-UHFFFAOYSA-N,CNC(=O)NOC(=O)NC,0.922892
UPZKDDJKJWYWHQ-UHFFFAOYSA-N,N=c1ccc2c(-c3ccccc3C(=O)O)c3ccc(N)cc3oc-2c1,0.7433492
QOPYNJDQUZIOEW-UHFFFAOYSA-N,O=[N+]([O-])c1cc2[nH]c3ccc4ccccc4c3c2c2cccc(O)c12,0.7449851
RUSMDMDNFUYZTM-UHFFFAOYSA-N,Clc1cccc2cccnc12,0.9947325
NISVZEWKUNUGQQ-UHFFFAOYSA-N,CC(C)(c1ccc(OCC(O)CO)cc1)c1ccc(OCC(O)CO)cc1,0.98037314
JUVIOZPCNVVQFO-NDXORKPFSA-N,C=C(C)[C@@H]1Cc2c(ccc3c2O[C@H]2COc4cc(OC)c(OC)cc4[C@@H]2C3=O)O1,0.032217562
HSQFVBWFPBKHEB-UHFFFAOYSA-N,Oc1ccc(Cl)c(Cl)c1Cl,0.9927954
CHZLVSBMXZSPNN-UHFFFAOYSA-N,Cc1ccc(S(=O)(=O)O)c(C)c1,0.986801
VKPPFDPXZWFDFA-UHFFFAOYSA-N,NCCCl,0.99139297
DLTXKFCMJDWKEV-UHFFFAOYSA-N,c1cnc2c(c1)C1OC1C1OC21,0.43330643
WRQNANDWMGAFTP-UHFFFAOYSA-N,COC(=O)CC(C)=O,0.9603404
